class,SelectedLineString,SelectedMutationString
org.apache.hadoop.yarn.server.nodemanager.containermanager.linux.resources.numa.NumaResourceAllocator,112,2:9:12:24:41:43:58:60:69:70:71:78:85:86:87:97:115:124:126:127:128:129:130:142:147:149:150:151:152:154:159:160
org.apache.hadoop.mapreduce.lib.partition.InputSampler,10:80,35:55:70:77:89:98:103:104:105:138:182:191:218:229:237:243:244:245:246:248:249:250:258:266:267:268:269:286:293:298:299:300:308:309:310:318:319:320:328:329:330
org.apache.hadoop.fs.ChecksumFileSystem,234,13:14:15:16:28:29:30:54:55:56:62:63:64:93:144:163:164:170:180:185:191:256:260:273:274:275:276:277:278:279:293:306:316:320:321:322:338:349:350:351:364:365:366:367:368:369:370:399:404:405:406:415:421:422:423:428:449:456:465:471:477:486:549:559:603:655:657:686:690:707:717:727:733:759:765:774:777:786:804:805:806:809:810:811
org.apache.hadoop.yarn.server.resourcemanager.scheduler.QueueMetrics,11:227:382,4:9:26:53:54:55:62:63:64:75:81:92:99:117:126:136:155:166:169:173:174:175:178:179:180:186:187:188:193:194:195:224:237:244:255:256:257:286:293:309:310:311:361:368:379:392:393:394:426:433:460:461:462:471:472:473:495
org.apache.hadoop.yarn.server.sharedcachemanager.store.InMemorySCMStore,39:71:163:173,29:45:81:92:99:100:101:114:115:116:123:137:138:139:152:153:154:161:162:163:175:176:177:195:196:197:215:216:217:227:228:229:232:235
org.apache.hadoop.mapreduce.v2.api.records.impl.pb.TaskReportPBImpl,53,5:13:20:27:30:33:38:41:49:50:57:66:67
de.paragon.explorer.event.ExplorerFrameEventConverter,108:112,1:2:3:4:5:6:7:8:9:10:11:18:19:26:36:41:42:43:44:55:61:62:63:66:67:68:71:72:73:76:77:78:82:84:93:95:102:103:104:105:106:107:113:116:117:118:124:141:148:160:162:163:164:165:171:183:185:186:187:193:205:242:243
Menu,31:121,44:48:49:50:52:53:54:67:68:69:76:77:78:80:81:82
org.apache.hadoop.ha.ZKFailoverController,61:110:259:308,33:34:35:39:40:41:57:69:70:71:84:85:86:115:127:172:173:174:177:201:202:203:230:231:232:317:323:324:325:333:334:335:371:407:408:409:434:442:446:453:514:519:520:521:526:533:541:569
org.apache.hadoop.util.GenericOptionsParser,128,26:29:32:33:34:39:44:50:59:62:63:64:69:71:88:93:94:95:101:102:103:107:114:123:125:126:127:129:130:131:133:134:135:141:142:143:146:149:161:170:171:172:182:186:195:196:197:206
gnu.trove.map.hash.TByteObjectHashMap,121:135:156:169:196:210:363,33:34:35:61:62:63:77:78:79:92:101:102:103:119:120:121:128:135:136:137:142:152:160:161:162:175:185:186:187:204:212:213:214:230:231:232:249:257:258:259:274:275:276:291:292:293:312:313:314:339:340:341:356:359:380:381:382:402:406:426:432:445:456:457:458:459:470:480:481:482:491:492:493:502:503:507:515:519:528:529:530:534:542:548:549:550:566:567:568:582:592:593:594:603:618:619:620:637:655:664:677:686:691:692:693:694:719:720:721:739:740:741:747
macaw.util.DisplayableListPanel,5:46:132,34:53:75:84:96:105:139:140:141
org.apache.hadoop.fs.shell.find.Find,24:88,3:4:5:17:49:52:56:60:69:70:71:85:101:102:103:116:117:118:125:136:145:160:163:166:167:168:171:178:180:181:183:185:186:188:194:198:199
org.apache.hadoop.yarn.server.nodemanager.containermanager.container.ContainerImpl,31:37:46:60:216:224:399:412:437:509:521:566:603:608:645:655:713:740,9:50:64:93:101:110:123:124:125:126:131:155:163:170:177:188:189:190:194:201:206:207:208:212:215:216:217:232:233:237:238:244:245:246:249:251:253:269:275:291:303:312:313:327:373:379:386:414:434:438:444:484:488:498:507:516:517:518:543
org.apache.hadoop.fs.Globber,17:35:53:60,28:30:31:32:54:58:59:60:68
org.apache.hadoop.security.KDiag,40:101:181,76:77:78:134:135:136:155:186:218:219:220:221:229:230:231:275:281:283:333:346:367:368:369:378:403:426:429:439:447:450:451:452:462:470:476:516:556
org.apache.hadoop.yarn.server.nodemanager.metrics.NodeManagerMetrics,26,4:12:13:14:15:19:27:28:29:30:34:42:43:44:45:49:57:58:59:60:63:67:73:81:82:83:84:89:97:98:99:100:110:118:119:120:121:125:133:134:135:136:146:154:155:156:157:181:182:183:184:191:192:193:194:202:203:204:205:212:213:214:215:222:227:228:229:236:244:248:249:250:255:256:257
org.apache.hadoop.yarn.state.StateMachineFactory,70,10:31:77:78:79:93:94:95:98:99
org.apache.hadoop.mapreduce.v2.app.launcher.ContainerLauncherImpl,36:44,5:14:15:16:19:27:29:30:31:34:78:96:107:110:113
org.apache.hadoop.mapreduce.lib.input.LineRecordReader,32:42:82,9:15:19:34:40:54:72:86:95:104:116:127:128:129:150:151:152:153:170:175:176:177:186:198:213:219:221:222:223:224
org.apache.hadoop.yarn.server.resourcemanager.monitor.capacity.QueuePriorityContainerCandidateSelector,12:25:75:118:129:150:159:166,2:8:15:16:19:20:21:30:36:48:49:50:69:70:71:74:81:85:86:96:98:100:130:135:137
org.apache.hadoop.thirdparty.protobuf.Field,8:219:360:379,66:67:68:69:80:81:82:83:110:120:132:133:134:158:159:160:170:183:202:212:223:229:243:248:249:250:264:277:290:295:296:297:311:323:333:337:340:341:342:344:345:346:349:359:360:361:378:384:394:401:411:420:430:440:450:459:469:480:490:496:506:517:527:533:543:554:564:570:574:589:618:620:621:622:631:636:638:639:640:641:642:643:644:645:646:647:648:649:650:651:652:653:654:655:656:658:659:660:703:707:730:743:797:829:831:832:833:837:841
glengineer.agents.GroupAgent,98,0:1:3:4:8:9:10:12:13:14:20:21:25:28:35:39:40:48:49:50:58:59:60:66:67:68:69:71:72:76:78:86:88:89:95:96:97:136:137:138:142:143:144
fi.vtt.noen.mfw.bundle.probe.shared.ProbeInformation,9,106:111:112:113:119:120:121:127:128:129:135:136:137:152:160:170:178:188:196:206:214:224:232:242:251
org.apache.hadoop.yarn.proto.YarnSecurityTokenProtos,578:1179:2681,2:4:5:6:8:10:12:13:14:15:17:18:19:22:24:25:26:29:31:32:33:34:35:36:37:39:40:41:46:48:49:50:51:53:54:55:56:58:59:60:61:63:64:65:67:69:71:72:73:74:76:77:78:79:81:82:83:84:86:87:88:92:95:98:99:100:101:103:104:105:106:107:108:109:110:112:114:117:119:121:124:126:127:128:130:132:134:135:136:138:140:142:143:144:145:147:149:150:151:152:154:156:157:158:159:161:164:166:167:168:173:176:179:181:182:183:186:189:191:196:198:199:200:205:208:211:213:214:215:218:221:223:228:230:231:232:234:235:237:239:242:244:246:247:248:249:251:255:257:258:259:261:263:265:267:268:269:272:274:275:276:281:283:284:285:286:288:289:290:292:294:296:297:298:299:301:302:303:307:310:312:315:316:317:318:319:321:323:325:328:330:331:332:334:336:338:339:340:341:343:345:346:349:351:352:353:358:361:364:366:367:368:371:374:376:381:383:384:385:386:388:392:394:395:396:398:400:402:403:404:407:409:410:411:412:413:414:415:417:418:419:420:421:422:423:425:426:427:430:432:433:434:435:437:438:439:440:442:443:444:445:447:448:449:452:454:455:456:457:459:460:461:464:466:467:468:469:470:471:472:474:475:476:478:480:481:482:484:486:487:488:489:491:492:493:498:500:502:503:504:505:507:508:509:510:512:513:514:515:517:518:519:520:522:523:524:525:527:528:529:530:532:533:534:535:537:538:539:541:543:545:546:547:548:550:551:552:553:555:556:557:558:560:561:562:563:565:566:567:568:570:571:572:576:579:580:581:582:584:585:586:587:589:590:591:592:593:594:595:596:598:600:602:604:607:609:611:614:616:617:618:620:622:624:625:626:627:629:631:632:633:634:636:638:639:640:642:644:645:646:648:649:651:652:653:654:655:659:661:662:663:668:671:674:676:677:678:681:684:686:691:693:694:695:697:698:700:702:705:707:709:710:711:713:714:716:718:721:723:725:726:727:732:735:738:740:741:742:745:748:750:755:757:758:759:760:762:764:766:767:768:769:771:773:775:776:777:778:780:782:784:785:786:791:794:797:799:800:801:804:807:809:814:816:817:818:819:821:823:825:826:827:832:835:838:840:841:842:845:848:850:855:857:858:859:861:862:864:866:869:871:873:874:875:878:880:882:884:885:886:889:891:893:895:896:897:898:900:902:904:905:906:907:909:911:916:920:925:927:928:929:931:933:935:936:937:940:942:943:944:945:946:947:952:954:955:956:957:959:960:961:963:965:967:968:969:970:972:973:974:978:981:982:983:984:986:987:988:989:990:992:994:996:999:1001:1002:1003:1005:1007:1009:1010:1011:1012:1014:1016:1017:1018:1022:1024:1025:1026:1031:1034:1037:1039:1040:1041:1044:1047:1049:1054:1056:1057:1058:1060:1061:1063:1065:1068:1072:1074:1076:1078:1080:1081:1082:1083:1084:1085:1086:1088:1089:1090:1091:1092:1093:1094:1096:1097:1098:1099:1100:1101:1102:1104:1105:1106:1107:1109:1110:1111:1112:1114:1115:1116:1117:1119:1120:1121:1126:1128:1129:1130:1131:1133:1134:1135:1136:1138:1139:1140:1141:1143:1144:1145:1146:1148:1149:1150:1151:1153:1154:1155:1156:1158:1159:1160:1162:1164:1166:1167:1168:1169:1171:1172:1173:1174:1176:1177:1178:1179:1181:1182:1183:1184:1186:1187:1188:1189:1191:1192:1193:1197:1198:1199:1200:1202:1203:1204:1205:1207:1208:1209:1210:1212:1213:1214:1215:1216:1217:1218:1219:1221:1222:1224:1226:1228:1230:1232:1234:1237:1239:1240:1241:1242:1244:1246:1247:1248:1249:1251:1253:1254:1255:1256:1258:1260:1261:1262:1263:1265:1267:1268:1269:1270:1272:1274:1276:1277:1279:1280:1282:1283:1285:1286:1287:1288:1291:1293:1294:1295:1297:1298:1300:1302:1305:1307:1309:1310:1311:1313:1314:1316:1318:1321:1323:1325:1326:1327:1329:1330:1332:1334:1337:1339:1341:1342:1343:1344:1346:1348:1350:1351:1352:1353:1355:1357:1359:1360:1361:1362:1364:1366:1368:1369:1370:1371:1373:1377:1379:1382:1384:1385:1386:1387:1388:1389:1390:1392:1393:1394:1395:1396:1397:1402:1404:1405:1406:1407:1409:1410:1411:1413:1415:1417:1418:1419:1420:1422:1423:1424:1428:1429:1430:1431:1433:1434:1435:1436:1438:1439:1440:1441:1442:1444:1445:1447:1450:1452:1453:1454:1455:1457:1459:1460:1461:1462:1464:1466:1467:1469:1470:1474:1476:1477:1478:1480:1481:1483:1485:1488:1490:1492:1493:1494:1496:1497:1499:1501:1504
org.apache.hadoop.yarn.server.api.protocolrecords.impl.pb.RegisterNodeManagerRequestPBImpl,35:50,5:12:15:17:24:29:34:42:43:48:49:52:57:63:66:70:72:75:77:80:81
org.apache.hadoop.mapred.JobQueueClient,76,14:15:16:19:20:21:24:25:26:33:36:37:38:47:53:54:55:74:75:76:80:84:94:101:102:103:110:115:124:141:146:147:148
org.apache.hadoop.thirdparty.com.google.common.reflect.TypeToken,3:64:108:220,4:10:12:17:21:22:26:31:33:36:37:38:44:45:53:54:55:57:60:61:62:63:67:68:71:72:73:74:77:83:87:101:105:118:130:137:140:151:165:168:171:175:177:179:181:182:183:186:187:188:192:201:219:232:243:249:252:253:254:255:257:258:259:267:269:280:284:287:288:289:299:303:316:317:318:319:320:321:322:325:327:329:332:350:358
org.apache.hadoop.io.compress.zlib.ZlibCompressor,22:40:96:114,38:45:46:47:52:53:54:65:69:102:112:117:118:119:125:126:127:132:133:134:145:149:159:160:161:164:168:169:170:172:173:174:178:179:180:182:183:184:190:201:202:203:208:209:210:221:225:232:233:234:271:272:273:292:293:294
org.apache.hadoop.yarn.server.nodemanager.security.NMTokenSecretManagerInNM,84,6:8:13:23:29:41:44:45:46:53:58:62:64:65:66
org.apache.hadoop.yarn.client.cli.NodeCLI,34:58:89:96:110:158,37:38:39:72:127:160:176:196
teder.TederFrame,11:65:91:104:119:171,44:46:154:210:211:212:220:286:331:373:530:548:626:627:628:629
org.apache.hadoop.mapred.LineRecordReader,21:36:45:98,9:13:14:42:57:62:76:96:111:120:129:141:153:154:155:174:175:176:177:197:216:231:247:253:255:256:257:258
org.apache.lucene.search.exposed.ExposedTimSort,7:53:183:259,13:15:29:42:55:70:78:86:89:93:94:99:103:106:111:114:117:121:124:127:130:132:133:134:138:142:146:154:159:163:167:169:170:171:174:178:180:181:182:185:189:191:192:193:196:200:202:203:204:213:215:217:220:224:229:239:241:242:243:247:252:256:258:264:269:273:277:279:290:292:293:294:298:303:307:315:317:318:319:327:330:339:342:347:352:355:356:357:358:359:360:364:367:371:380:384:386:387:388:389:390:391:394:399:401:402:403:406:410:413:417:419:420:421:428:430:431:432:435:438:442:447:451:453:454:455:456:457:458:461:466:468:469:470:474:478:481:485:487:488:489:496:498:499:500:503:506:510:514:518:520:521:522:523:524:525:528:531:542:546:547:548:549:550:551:554:557:562:567:572:576:581:590:594:600:604:609:614:618:620:622:628:630:637:639:646:648:655:657:659:660:661:663:667:671:672:673:676
org.apache.hadoop.fs.TrashPolicyDefault,29,10:11:12:13:22:23:24:25:35:36:37:38:47:48:49:50:54:55:56:68:69:70:88:89:90:96:97:98:119:124:137:138:139:143:144:145:156:167:180:191:207:213:214:215:217:230:239:242:255:292:307:317:318:319:330:335:336:337
net.virtualinfinity.atrobots.robot.Robot,55,12:18:19:20:33:38:46:47:48:49:58:59:67:68:69:74:75:76:88:89:90:95:97:98:117:118:119:125:126:127:133:134:135:136:142:143:144:150:151:152:153:159:160:161:167:168:169:170:176:177:178:184:185:186:187:188:189:190:191:223:224:225:226
com.soops.CEN4010.JMCA.JMCAAnalyzer,16:27:56,2:8:11:12:13:15:18:19:20:24:25:29:32:35:36:37:39:42:43:44:51:52:53:62:63:64:79:80:81:86:87:88:90:91:92:113:122:131:132:133:140:141:142:160:172:180:188:193:198:199:200:204:205:206:211:212:213:221:222:223:227:228:229:234:235:236:238:239:240:242:243:244:246:247:248:250:251:252:254:255:256:258:259:260:273:285:293:301:309:310:311
org.apache.hadoop.thirdparty.com.google.common.hash.Murmur3_32HashFunction,39:56,12:15:19:31:41:45:54:57:64:66:72:76:86:88:94:102:111:120:128:136:144:152:161:170:176:186:188:193:199:202:206:208:217:225:230:237:251:255:267:278:280:287:289:296:305:307:314:323:325:334:338:345:351:355:364:370:379:387:391:401:403:413:417:420:429:430:451:457:466:468:474:482:491:500:508:516:524:537:546:555:559:567:573:585:587:594:611:613:615:624:641:643:645:654:666:668:677:689:691:698:715:717:719:728:740:742:751:763:765:772:784:786:795
org.apache.hadoop.mapreduce.jobhistory.JobHistoryEventHandler,42:214:304:325:333:429:453:487:514:523:538:568:595:607:632:647:663:761:799:846:853:889:924:973,20:31:32:33:39:40:41:42:52:55:64:65:84:91:97:98:104:108:111:146:189:192:204:217:218:219:220:242:254:276:363:373:374:375:376:379:380:381:383:384:385:387:402:417:436:450:451:452:453:454:455:456:457:458:459:460:461
com.aelitis.azureus.ui.swt.feature.FeatureManagerUIListener,152:169,1:4:9:16:31:45:56:68:71:93:95:102:109:113:114:115:117:128:129:130:144:155:164:175:176:177:182:192:193:194:195:202:214:215:216:217:229:230:231:243:244:245:285:286:287
org.apache.hadoop.yarn.webapp.hamlet.HamletGen,3:121:155:166,105:112:113:114:125:136:137:138:144:146:154:159:169:269:280:283:297:304:313:322:380:439:521:522:523:595:630:655:656:657:660:661:662:666:667:668:672:673:674:678:679:680:684:685:686:690:691:692:697:698:699:704:705:706:738:758:780:781:782:787:788:789:791:792:793:801:804:805:806:810:811:812:819:820:821:837:852:864:876:880:885:888:891:894
org.apache.hadoop.yarn.server.resourcemanager.scheduler.ContainerUpdateContext,73:86:165,0:1:2:5:21:22:23:37:38:39:43:44:45:48:51:52:53:56:59:60:61:64:70:71:72
org.apache.hadoop.mapred.QueueConfigurationParser,35:82,46:47:48:55:56:57:66:81:88:89:90:95:96:97:100:108:114:115:116:117:130:139:140:141:147:148:149:152:154:155:156:161:162:163:168:169:170:188:189:190:221:242:311:312:313
corina.formats.TucsonSimple,26,3:4:5:8:18:32:34:35:36:43:55:62:63:64:69:79:96:97:98:103:108:109:110:121:129:130:131:138:139:140
umd.cs.shop.JSJshop,98:147:161:170,6:14:29:34:35:36:42:43:44:61:69:78:95:105:116:127:137:147:157:167:180:211:221:222:223:225:226:227:229:230:231
org.apache.hadoop.mapreduce.jobhistory.HistoryViewer,48,12:24:25:26:41:42:43:48:50:51:52:397:399:400:401:402:405:407:408:410:411:412:413
org.apache.hadoop.yarn.server.api.protocolrecords.impl.pb.NMContainerStatusPBImpl,188,5:9:36:40:43:46:53:58:63:68:71:72:75:79:83:90
org.apache.hadoop.io.compress.bzip2.CBZip2InputStream,119:133:184:373:447,2:6:8:9:10:13:22:26:31:34:42:44:47:49:53:54:55:56:59:68:70:71:72:73:74:75:76:77:78:81:85:87:88:90:94:97:100:109:112:115:118:121:124:126:130:132:134:138:140:142:145:149:150:151:152:153:154:157:161:163:164:165:168:172:174:180:182:184:185:186:187:188:189:192:196:200:204:206:208:210:211:212:215:219:223:225:230:233:234:235:236:239:242:246:250:253:257:258:261:263:264:265:268:271:273:274:275:280:281:284:288:289:290:291:294:297:298:302:303:304:307:309:313:315:316:317:320:325:327:332:334:337:341:343:344:345:346:349:356:360:364:367:370:374:376:379:383:388:392:396:397:404:408:412:415:420:423:427:430:434:438:439:443:446:450:452:459
org.javathena.login.Login,30:61:91:104:117:126:316:399,20:50:53:60:61:62:79:106:117:118:119:143:173:272:273:274:321:330:333:357:379:380:381:398:399:400:424:425:426:452:493:510:528:534:626:627:628:631:632:633:636:637:638:641:642:643:647:648:649:652:653:654:657:658:659:678:679:680:685:713:714:715:718:719:720:724:725:726:729:730:731
org.apache.hadoop.mapred.LocalDistributedCacheManager,6:36,6:14:36:51:52:53:67:79:82:84
de.outstare.fortbattleplayer.model.impl.SimpleSector,13,43:44:45:52:59:60:61:69:76:89:90:95:96:97:110:117:127:134:159:167:178:187:198:203:216:227:236:247:255:266:275:286:291:304:315:320:352:368:382
org.apache.hadoop.thirdparty.protobuf.Struct,75,24:37:63:64:65:69:70:71:74:76:77:78:120:129:139:149:178:179:180:202:208:210:211:212:227:234:247:253:266:272:302:310:319:320:321:325:326:327:330:332:333:334
apbs_mem_gui.Main,260:269:446:606:624:643:655:705:716,27:47:48:49:55:56:57:58:64:65:66:67:68:69:70:76:77:78:79:85:86:87:88:108:156:160:161:162:164:165:166:168:169:170:172:173:174:176:177:178:180:181:182:184:185:186:188:189:190:192:193:194:196:197:198:200:201:202:212:218:226:229:240:243:261:269:270:271:276:298:339:360:383:384:385
org.apache.commons.lang3.ClassUtils,180,5:18:19:20:30:46:60:73:129:144:162:164:207:208:209:224:225:226:233:234:235:241:247:248:249:267:275:276:277:280:302:321:355:366:380:388:397:416:423:424:431:449:454:455:456:467:482:490:499:508:512:513:514:517:542:550:561:575:578:583:585:586:587:606:608:616:625:628:633:639:659:681:684:685:686:700:713:725:726:727:731:732:733:745:774:799:814:824:832:848
org.apache.commons.math3.linear.SchurTransformer,12:112:143:167,13:20:21:22:43:57:58:59:60:80:84:94:105:119:120:121:122:127:128:129:130:135:136:137:138:154:165:173:174:175:176:177:178:179:180:189:196:205:216:217:218:219:228:229:230:238:247:257:258:259:260:281:286:287:288:289:290:291:292:322:331:341:356:366:373:374:375:376:389:392:393:394:395:409:428:429:430:431:445:455:468:480:494:507:508:509:510:514:515:516:517:525:526:527:528:530:531:532:533:542:549:550:551:552:566:568:569:570:571:581:591:596:597:598:599:603:604:605:606:610:611:612:613:629:639:653:667:698:700:720:723:742:761:773:785:790:804:816:826:827:828:829:833:834:835:836:841
org.apache.commons.math3.fraction.Fraction,21,9:10:11:19:20:21:22:24:25:26:50:51:52:53:54:55:56:57:61:68:87:88:89:99:111:146:156:160:161:162:178:179:180:187:197:203:204:205:211:212:213:222:223:224:225:228:237:246:271:273:282:294:329:335:350:356:372:405:436:442:443:444:472:482:492:502:509:545:554:555:556:557:588:593:608:619:623:624:625:635:647:677:687
org.apache.hadoop.fs.shell.PathData,156,1:11:15:17:24:43:44:49:52:53:54:57:58:59:62:63:64:73:86:87:88:90:91:92:104:105:106:107:113:114:115:128:136:144:152:154:155:156:169:173:174:175:181:184:185:186:207:223:238:255:258:279:282:292:309:311:316:340:341:342:356:360:375:385:386:387:397:405:426:427:428:480:481
org.apache.hadoop.util.LightWeightGSet,34:43:79,12:45:59:92:122:135:160:172:208:219:231:260:271:283:335:379:386:397:404:409:417:443:455:456:457:461:462:463:470:471:472:479:480:481:496:497:498:499:503:504:505:506:514:515:516:517:523:524:525:526:534:535:536:548:556:557:558:573:589
org.apache.hadoop.yarn.server.nodemanager.DirectoryCollection,28:40:49,6:26:30:31:32:36:45:46:47:48:51:54:55:56:59:63:65:76:77:78:79:80:81:82:83:91:92:93:94:101:102:103:112:113:114:125:130:131:132:179:185:191:197:198:199:206:213:222:231:232:233:242:243:244
weka.classifiers.Evaluation,100:218:637:746:758:779:871:904:925:1126:1166:1280:1377,0:3:6:10:13:16:21:24:27:31:32:33:34:35:38:44:45:46:47:48:49:50:53:57:59:60:61:62:63:66:69:73:74:75:83:86:89:90:91:92:93:94:95:96:97:99:102:104:106:108:120:123:124:125:129:130:131:132:133:134:138:141:144:147:150:156:159:162:165:167:171:173:177:179:183:185:192:195:198:201:203:207:210:213:215:219:222:228:231:234:237:240:243:245:249:252:255:257:264:267:270:276:279:282:286:289:295:298:301:307:310:313:316:317:318:319:322:326:330:338:340:341:342:343:344:345:346:347:348:349:350:351:352:353:354:355:356:357:360:361:362:363:364:365:366:367:368:369:370:371:372:373:374:378:379:380:381:383:384:385:386:387:388:392:395:396:397:398:399:400:401:404:407:409:411:412:413:416:417:418:419:420:421:422:426:429
org.apache.hadoop.net.unix.DomainSocketWatcher,17:18:56,4:14:15:20:26:36:37:38:48:49:55:60:72:79:93:94:105:115:119:124:129:131:142
org.apache.hadoop.yarn.util.resource.ResourceUtils,194:305:350:382,17:18:19:20:23:28:30:31:32:48:49:50:109:110:111:117:120:121:122:126:143:144:145:151:152:153:154:156:157:158:162:163:164:167:177:188:189:190:197:198:199:208:240:244:249:250:251:265:268:269:270:273:274:275:282:284:285:286:293:294:295:296:297:298:299:305:306:307:318:320:321:325:326:327:328:340:341:342:356:386:393:398:400:401:402:411:414:423:433
org.apache.hadoop.io.compress.bzip2.Bzip2Compressor,16:36:90:103,83:92:93:94:101:102:103:118:122:173:187:189:190:191:194:200:201:202:204:205:206:212:213:214:216:217:218:224:237:238:239:246:247:248:263:267:275:276:277:330:331:332:365:366:367
org.apache.hadoop.log.LogLevel,23,6:7:8:14:15:16:34:39:40:41:49:50:51:59:60:61:84:88:96:107:119:133:137:145:156:168:180:190:194:202:215:223:224:225:232:233:234:259:262:267:268:269
accessories.plugins.time.JDayChooser,20:26:49:106,39:81:85:86:87:98:107:145:157:197:211:222:242:256:268:280:372:398:405:406:407:412:446:474:490:510:520:534:580:581:582:594:605:612:630:637:654:671:687:705:721:723:724:725:745:747:748:749:758:772:776:777:778:789:800:801:802:804:812
org.apache.commons.math3.optimization.direct.CMAESOptimizer,19:41:80:110:190:217:384:396,10:13:14:15:16:17:18:20:22:28:32:33:34:37:42:45:46:47:48:49:50:51:52:53:54:56:57:58:59:60:61:62:73:74:75:76:79:85:99:100:101:102:108:109:110:111:129:135:136:137:138:142:143:144:145:150:151:152:153:154:155:156:157:158:159:160:161:168:169:170:171:176:180:181:182:183:184:185:186:187:188:189:190:191:204:205:206:207:208:209:210:211:212:213:214:215:216:217:218:224:225:226:227:228:233:234:235:236:237:238:239:240:241:242:243:244:245:246:247:248:249:252:253:254:255:260:261:262:263:264:265:266:267:271:272:273:274:275:276:277:278:279:280:281:282:287:291:292:293:294:297:298:299:304:305:306:307:308:311:312:313:314:319:320:321:322:323:324:325:326:330:331:332:333:334:335:336:337:338:339:340:341:342:346:347:348:349:355:356:357:358:359:360:361:362:369:380:381:382:383:384:385:386:387:388:389:390:391:402:403:404:405:406:407:408:409:412:413:414:418:419:420:421:422:423:424:425:426:427:428:429:430:431:432:433:434:435:436:437:443:444:445:446:450:451:452:457:458:459:463:467:468:469:476:478:479:480:484:490:494:497:514:516:518:523:529:530:531:532:533:534:538:539:540:541:543:544:545:551:552:553:554:555:556:557:563:564:565:566:567:568:569:570:571:572:573:574:575:576:580:584:589:593:598:602:603:604:605:606:611:615:616:617:618:619:624:628:629:630:631:632:637:641:646:650:653:655:665:671:672:673:674:675:683:690:696:700:708:711:716:720:725:731:733:739:740:741:742:743:744:745:746:747:749:750:751:752:753:754:755:756:760:761:762:763:768:770:771:772:773:782:786:787:788:789:797:801:802:803:804:812:813:814:815:823:824:825:826:830:834:837:842:847:851:855
org.apache.hadoop.fs.shell.Ls,10,39:111:115:156:163:164:165:168:175:184:185:186:204:210:224:228:235:260:312:313:314:334:335:336:348:349:352:357:362:366:371:376:382:387
weka.core.FindWithCapabilities,10:188,77:78:79:82:85:99:100:101:118:123:128:133:138:143:148:157:158:159:164:170:171:172:208:232:239:250
org.apache.hadoop.security.UserGroupInformation,157:392:454:568,9:12:14:15:16:34:62:85:88:92:95:112:121:122:123:126:172:173:174:177:181:199:200:201:233:245:246:247:257:258:262:263:267:268:277:284:285:286:287:290:292:293:300:301:310:311:330:331:332:337:344:361:374:387:411:432:433:439:440:441:451:459:463:464:465:470:508:511:512:513:524:541:542:543:560:561:562:570:584:585:586:589:595:596:597:598:599:620:633:650:651:653:660:664:681:696:705:710:714:720:721:722:728:729:730:744:745:779:780:781:800
org.apache.hadoop.mapreduce.v2.hs.CachedHistoryStorage,26,24:35:39:41:43:91:92:93:120:121:122:149:150:151:170:171:172:187:194:200:201:202
com.soops.CEN4010.JMCA.JParser.JavaCharStream,27,90:99:108:110:114:119:124:129:134:144:153:160:163:165:166:167:171:177:181:182:183:184:188:193:197:205:213:218:221:230:235:237:242:244:253:258:265:277:281:285:287:288:289:293:298:302:307:311:319:324:328:335:344:348:350:351:352:355:360:370:374:417:420:425:429:435:440:444:447:452:457:462:466:471:476:481:486:491:495:498:502:507:511:515:520:524:533:534:535:536:537:538:539:540:541:544:547:551:555
org.apache.hadoop.yarn.api.protocolrecords.impl.pb.StartContainersResponsePBImpl,40:47,5:9:15:24:25:28:32:33:37:38
org.apache.hadoop.mapreduce.jobhistory.TaskFailed,9,104:111:122:140:142:147:156:172:295:298:304:315:326
org.apache.hadoop.yarn.server.resourcemanager.NodesListManager,171:179:227,12:13:14:38:44:45:55:60:61:62:82:83:85:99:108:121:122:151:166:181:186:188:189:190:191:203:205:206:207:211:212:213:219:220:221:227:228:229:232:235:236:237:243:244:245:251:257:263:264:265:271:272:273:275:276:284:285:286:292:293:294:300:301:302:308:309:310:316:317:318:325:327:329:344
umd.cs.shop.JSPredicateForm,58,17:27:37:38:39:51:60:61:62:71:78:91:92:93:102:109:117:118:119:135:142:151:152:153:169:176:186:193:194:195:199:200:201:222:241:248:249:250:254:255:256:273:280:296:297:298:316:323
org.apache.hadoop.security.token.delegation.AbstractDelegationTokenSecretManager,79:145,34:38:53:71:91:105:118:123:128:131:133:134:135:142:155:168:169:170:177:188:189:190:196:197:198:208:209:210:212:213:214:217:218:219:228:233:234:235:236:238:254:257:261:264:265:266:272:275:276:277
com.jstevh.viewer.ClassViewer,29:74:231:259:321:342:359:384:394:421:502,29:41:42:43:44:51:52:53:54:61:62:63:64:72:73:74:75:82:83:84:85:92:93:94:95:102:103:104:105:112:113:114:115:123:130:131:132:134:135:136:137:139:148:154:161:173:180:181:187:199:210:222:236:291:297:310:338:340:356:369:374:375:376:383:397:404:418:428:442:454:477:493:513:531:550:571:572:573:574:580:581:582:583:590:591:592:593:594:595:596:597:604:605:606:607:608:609:610:611
org.jfree.data.time.TimePeriodValues,83,65:78:87:90:95:96:97:111:112:113:123:124:125:139:140:141:151:152:153:184:213:215:242:256:284:296:306:312:322:331:341:350:360:369:379:388:398:407:417:426:435:438:439:440:455
ipac.BinaryCalculate,11:31:98:128,9:14:24:37:38:39:50:61:79:90:98:103:104:105:116:125:140:151:163:170:173:183:194:205:211:223:227:233:241:253:262:273:293:308:331:350:358:373:375:381:392:395:399:406:412:422
org.jfree.chart.renderer.category.MinMaxCategoryRenderer,19:57:97,129:130:131:132:140:141:142:143:193:195:196:197:302:304
org.apache.hadoop.mapred.MapTask,80:124:130:153:219:389:424:488:531:557:571:696:833:887,3:4:11:14:16:22:26:33:36:41:50:51:52:53:54:60:64:65:66:67:69:75:78:98:99:100:101:106:114:119:122:123:124:125:130:133:137:141:143:149:156:159:166:169:172:176:184:191:194:201:209:212:217:221:231:234:260:261:262:265:266:267:275:276:277:280:289:290:291:292:295:304:308:310:311:312:313:322:331:341:342:343:344:347:356:360:362:363:364:365:374:383:394:399:404:408:412:419:423:424:425:426:427:428:429:430:437:445:448:452:457:462:467:471:476:481:486:490:497:498:499:500:506:510:511:512:513:519:542:549:558:566:570:575:579:583:591:593:594:595:602:611:615:625:627:634:642:646:655:661:672:674:675:676:677:683:684:685:686:689:692:695:704:706:707:708:709:717:720:723:729:737:739:740:741:742:755:766:774:782:788:798:802:805:815:818:826:832:837:841:849:852:853:854:858:862:866:869:875:881:886:890:893:894:895:896:900:905:910:914:916:917:918:919:927:930
com.google.common.base.CharMatcher,106,3:8:17:33:36:37:38:42:49:51:57:65:74:80:88:89:90:91:98:100:101:102:111:117:118:125:127:128:129:130:138:139:145:149:150:153:158:165:169:173:174:186:192:203:211:217:224:228:233:237:242:247:252:254:255:256:262:267:268:271:275:278:283:290:297:301:302:305:306:313:317:321:326:330:335:336:389:397:404:411:420:424:435:442:450:457:484:488:492:499:510:516:527:534:540:541:549:553:557:561:564:565:566:571:576:578:579:580:581:592:601:615:623:629:639:648:649:656:664:667:668:672:676:677:682:692:696:701:702:703:709:714:718:721:724:732
org.apache.hadoop.yarn.service.utils.CoreFileSystem,53:64:124,52:59:72:103:122:178
org.jfree.chart.renderer.category.StatisticalBarRenderer,37:65:118:146,25:26:27:100:101:102:117:118:119:141:142:143:160:161:162:177:178:179:201:202:203:225:226:227:260:261:262:277:278:279:301:302:303:320:321:322:337:338:339:361:362:363:385:386:387
org.apache.hadoop.yarn.logaggregation.AggregatedLogDeletionService,65,6:13:19:20:24:27:29:30:31:35:38:45:47:49:50:51:60:63:64:65:74:77:78:79:87:103:110:111:112:119:131:144:145:146
com.jstevh.viewer.ClassInfo,27,18:27:41:57:71:80:94:106:107:108:115:130:149:163:174:183:196:214:225:232:235:242:258:268:281:303:312:345:354:401:436:445:462:474:477:481:487:491:492:493:496:497:498:507
org.apache.hadoop.yarn.server.timeline.EntityGroupFSTimelineStore,221:297:308:329,15:36:60:70:73:88:89:90:96:130:140:143:148:154:161:167:180:181:182:185:187:188:194:200:205:206:207:209:210:220:228:231:232:235:241:246:247:248:251:269:281:290:291:292:293:306:332:343:345:346:347:349:350:354:356:359:360:361:364:372:375:376:377:380:381:382:389:402:405:406:407:410:411:412:419:421:422:440:447:452:454:458:464:469:474:477:493:541:575:625:645:646:647:650:651:674:701
bcry.battlecryGUI,233:276,72:73:74:78:79:80:88:92:93:94:99:100:101:103:104:105:110:111:112:113:114:115:192:202:284:288
org.apache.hadoop.mapred.lib.MultipleOutputs,19:100,3:4:5:6:9:16:17:18:32:43:52:65:74:87:96:105:106:107:111:169:176:188:189:190:210:215:226
com.mentorgen.tools.profile.runtime.Profile,75,2:19:20:56:64:72:77:94:95:96:98:99:100:107:117:128:129:130:132:133:134:136:137:138
org.apache.hadoop.mapred.TaskLog,40:71:93:149,22:25:38:61:66:68:70:78:80:81:106:107:108:120:124:131:132:133:145:149:173:181:191:204:205:206:213:236:237:238:247:263:301:302:303:310:311:312:315:319:330:331:332:338:342:353:362
org.apache.hadoop.metrics2.sink.ganglia.GangliaSink30,3:41,5:14:15:16:35:58:68:69:70:84:85:86:100:101:102:105:112:114:115:116:119:160:228
org.apache.hadoop.yarn.server.resourcemanager.nodelabels.RMNodeLabelsManager,2,8:12:20:21:22:25:46:47:48:51:65:92:101:102:103:117:126:136:144:145:146:149:154:155:162:163:164:167:193:194:195:200:206:207:208:209:220:222:224:229:236:247:248:249:252:260:261:262:275:276:277:289:290:291:294:299:303:304:305:308:312:323:327
org.jfree.data.time.TimeSeries,11,58:59:60:75:85:90:96:97:98:102:103:104:107:113:114:115:118:133:138:160:161:162:172:173:174:184:192:203:212:213:214:227:228:229:265:266:267:283:284:285:288:289:290:297:313:342:343:344:365:372:375:376:377:382:385:386:387:388:391:432:433:434:446:447:448:452:453:454:457:477:497:499:509:510:511:514:518:525:526:527:539:552:553:554:569:585:586:587:594:595:596:603:610:617:618:619:627:636:642:643:644:655:660:676:677:678:682:690:704:716:726:738:748:756:762:763:764:775:781:796:807:813:825:836:837:838:841:842:843:852:855:860:869:874
org.apache.hadoop.yarn.util.timeline.TimelineEntityV2Converter,12:79:173:214:269,19:20:21:24:29:30:31:34:39:40:41:44:54:55:56:59:62:63:64:67:70:71:72:75:89:90:91:94:97:98:99:102:103:104:107:112:116:122
org.apache.hadoop.mapreduce.task.reduce.Fetcher,37:96:257:294,14:18:20:30:36:49:51:60:67:74:82:83:84:101:115:125:126:127:147:160:161:162:165:166:167:205:212:225:233:234:235:251:252:253:258:259:260:284:304:305:306:315:332:333:334:351:352:353:386:402:416:426:427:428:443
org.apache.hadoop.security.http.CrossOriginFilter,4,20:40:80:122:270:271:272:320:340:341:342:345:462:485:486:508:509:510:571:635:636:637:677:678:679:718:719:720:759:760:761
org.apache.hadoop.yarn.server.resourcemanager.webapp.RMAppAttemptBlock,35:80:102:119:142:154:161:168:177,3:4:5:8:33:39:40:41:109:110:111
org.apache.hadoop.yarn.server.webproxy.ProxyCA,21:48:117,7:8:26:72:113:122:125:126:127:143
com.jstevh.viewer.SAXDirParser,60,91:95:96:97:119:123:153:169:191:200
net.kencochrane.a4j.file.FileUtil,37:75:96:117:137:156:175,70:71:72:77:87:94:95:96:103:104:105:116:186:187:277:278:279:331:332:361:676:677:688:755:756:757:788:789:808:884:885:886
org.apache.hadoop.mapreduce.v2.app.speculate.DefaultSpeculator,26:91:128:165,37:38:39:46:51:52:53:84:85:86:87:88:89:100:101:102:123:139:140:141:142:149:150:151:152:156:161:176:183:184:185
org.apache.commons.math3.analysis.interpolation.TricubicSplineInterpolatingFunction,32,11:12:13:19:20:21:24:25:26:34:35:36:61:88:115:142:169:196:204:218:226:241:249:259:260:261:262:271:272:273:288:295:296:297:305:332:353:371:372:373:374:375:376:377:378
org.apache.hadoop.service.launcher.ServiceLauncher,124,5:6:7:11:20:27:28:34:35:36:67:119:126:128:140:141:142:161:190:192:211:215:230:236:256:257:258:261
org.apache.commons.cli.HelpFormatter,11:127,64:65:66:71:79:80:81:95:96:97:103:105:106:107:111:124:126:136:138:139:140:157:167:196:199:205:218:229:249:255:265:269:303:311:320:337:345:354:364:368:380:390:403:414:426:435:447:454:470:471:472:476:477:478:485:487
osa.ora.server.admin.ui.UpdateUserPanel,96,3:4:5:10:11:12:37:57:58:59:84:85:86:91:92:93:116:153:155:156:157
org.apache.hadoop.yarn.server.resourcemanager.scheduler.distributed.CentralizedOpportunisticContainerAllocator,20:28:30:59:71:89:123,0:8:9:10:19:25:26:27:38:39:40:46:55:56:57:70:77:78:79:89:96:97:98:111:112:113:116:120:127:128:129:145:146:147:149:178:188:193:194:195:206:207:208:219:220:221
dsachat.client.gui.InternalChatFrame,5:38:168,27:28:29:76:77:78:109:110:111:127:128:129:304:344:345:346:381:382:383:399:400:401:429:430:431
org.apache.hadoop.fs.FileSystem,488:807:858:910:931,7:8:9:19:20:21:22:27:28:29:42:51:52:53:59:64:65:66:71:88:95:96:97:100:101:102:107:108:109:112:113:114:116:117:118:167:196:197:206:208:235:249:250:259:286:287:296:305:306:311:315:323:325:331:332:340:344:347:351:352:353:366:380:381:382:383:384:385:386:389:390:391:414:422:467:468:472:474:479:480:481:483:484:490:491:538:539:540:557:558:559:560:561:566:567:568:574:575:577:578:579:580:588:592:596:601:602:603:604:616:620:624:628:632:636:640:644:648:652:665:669:673:677:681:685:689:693:697:701:703:706:710:714:718:722:726:730:732:738:744:745:746:754
org.fixsuite.message.view.TreeView,73,21:25:30:31:54:91:110:127:128:129:146:147:149:150:151:153:154:155:157:159:160:161:163:166:167:168:173:174:175:196:214:215:220:221:222:223:224:225:233:291:294:297:300
org.apache.hadoop.yarn.server.resourcemanager.scheduler.capacity.queuemanagement.GuaranteedOrZeroCapacityOverTimePolicy,4:193:227,1:2:3:6:9:10:11:15:16:17:20:51:52:53:54:58:59:60:61:86:87:88:89:99:101:102:103:104:106:107:108:111:113:114:115:122:133:137:138:139:144:147:148:149:154:156:159:160:161:171:173:174:175:187:188:189:194:195:196:197:207:210:213:214:215:216:218:219:220:227:228:229:236:240:241:242:243:249:250:251:252:254:255:256
org.apache.hadoop.yarn.server.resourcemanager.scheduler.fair.FSParentQueue,52:79,2:3:4:7:10:11:12:18:23:34:38:39:40:42:48:53:61:70:76:80:98
org.apache.hadoop.fs.ContentSummary,20,16:69:99:100:101:102:105:107:109:111:113:115:117:120:123:172:185:198:213:226:242:280
org.apache.hadoop.thirdparty.com.google.common.reflect.Types,12,0:22:26:46:52:56:58:61:65:70:88:90:94:95:96:103:106:108:109:111:112:113:115:117:121:122:123:124:125:135:136:137:141:144:146:152:153:159:160:161:190
com.lts.io.DirectoryScanner,65:246,6:10:12:19:26:40:55:68:69:70:79:83:85:92:99:113:128:141:142:143:154:161:175:195:214:232:256:270:310:327:328:329:352:369:370:371:397:435:461:493:509:511:524:546:552:563:569:580:586:608:648:688:728:768:808:842:847:848:849:867:882
org.jdom2.util.NamespaceStack,153,6:14:22:31:36:37:38:44:45:46:54:61:76:89:92:116:117:118:128:136:137:138:148:163:184:198:199:200:208:209:210:218:219:220:229:237:252:253:258:259:278:302:313:320:325:329:330:331:334:361:362:363:377:424:425:426:444:445:446:447:455:456:457:458:471:472:473:474:478:479:480:487:488:489:490:497:502:504:505:506
org.apache.hadoop.mapred.IFile,147:162,51:57:62:65:73:77:102:103:104:115:120:121:122:133:139:140:141:183:194:228:251:274:296:308:309:310:343:355:375:379:392:404:413:414:415:436:437:438:450:482:516:527:560:595:606:616
org.apache.commons.lang3.time.DurationFormatUtils,43:92:102,46:61:79:85:88:103:121:127:130:145:163:169:172:187:205:211:223:261:301:350:371:372:373:388:417:451:452:453:485:501:517:535:536:538:553:568:586:634:649:659:670:679:693:698:710:713:715
org.apache.hadoop.yarn.server.resourcemanager.RMAuditLogger,51,60:67:94:101:122:129:136:149:156:163:292:313:334:355:386:407:438:459:480:536:537:538
org.apache.hadoop.fs.HarFileSystem,69:89:239:252:394,22:24:25:26:36:37:38:54:66:75:82:83:84:86:87:88:102:106:112:117:121:126:130:131:132:138:142:147:148:149:154:158:163:173:178:179:180:182:184:197:208:209:234:245:257:271:290:304:305:306:314:315:316:330:335:343:344:345:358:359:360:370:395:398:399:400:405:428:437:438:439:444:448:449:450:456:462:471:478:484:485:486:493:497:498:499:514:519:522:523:524:529:534:539:540:541:549:576:581:584:585:586:592:604:622:634:635:636:645
org.apache.hadoop.mapreduce.jobhistory.TaskAttemptStarted,12,216:223:233:251:258:263:271:287:499:502:508:518:530
org.apache.hadoop.yarn.server.resourcemanager.amlauncher.AMLauncher,9:18:53:72:125:153,3:4:5:8:10:11:12:15:27:32:44:46:47:48:54:55:56:60:61:62:69:70
weka.classifiers.bayes.net.search.ci.ICSSearchAlgorithm,2:131,16:25:34:47:56:61:66:75:79:102:106:107:108:115:123:140:152:166:168:178:187:198:199:200:241:242:243:273:289:311:312:313:322:326:331:340:341:342:361:368:369:370:380:394:405:406:407:418:419:420:433:447:455:474:478:485:493:514:526:539:552:553:554:566:567:568:589:591:592:593:604:613:624:635:636:637:646:660:673:686:687:688:750:758:763:765:766:767:778:790
twitter4j.TwitterImpl,37:62,0:1:2:3:4:5:6:7:8:9:11:15:18:21:22:23:24:25:26:27:28:29:30:31:41:43:44:45:46:47:48:54:56:57:58:59:60:61:66:67:68:69:70:71:82:84:88:91:92:93:94:98:103:107:112:116:121:125:130:134:140:149:153:161
org.apache.hadoop.yarn.client.cli.LogsCLI,5:54:81:114:211:255:474:504:675:758:862:865,21:22:23:58:79:93:94:95:97:98:99:104:105:106:109:112:113:114:116:117:118:121:134:138:139:141:145:149:158:162:168:175:176:177:182:186:187:188:193:194:195:200:210:229:236:238:239:240:242:243:244:247:248:249:250:251:252:265:269:270:271:274:280:350:353:354:355:363:368:369:370:376:386:399:400:401:405:417:434:435:436:439:441:442:443:446:451:456:457:459:460:461:464:469:475:477:480:482:483:484:485:486:487:488:489:494:495:496:500:501:502:512:513:517:518:519:520:524:525:526:527:528:529:530:533:535:536:537:548:550:551:552:588:592:604:610:611:612:615:633:640:641:642:650:651:652:659:662:671:674:675:676:683:684:685:688:692:698
org.apache.hadoop.mapreduce.lib.input.CombineFileInputFormat,60:83:91:146,12:24:25:26:34:35:36:44:45:46:56:57:58:64:65:66:73:74:75:93:118:154:165:166:167:170:173:177:178:179:191:225:240:251:267:282:283:284:314:318:319:320:337:360:370:408:419:432:433:437
org.apache.hadoop.yarn.server.federation.utils.FederationRegistryClient,8:29:59:75:98,31:57:65:79:90:101:110:118:125
org.jfree.chart.axis.Axis,25:83:98:113:126:170:185:200:213:372:484,106:291:292:293:294:299:300:301:302:305:306:307:308:313:314:315:316:318:319:320:329:334:335:336:347:351:352:353:367:368:369:370:382:383:384:386:387:388:390:391:392:394:395:396:400:401:402:416:417:418:419:426:427:428:429:430:431:432:433:448:449:450:451:458:459:460:461:462:463:464:465:567:568:569:588:594
org.apache.hadoop.yarn.service.component.instance.ComponentInstance,16:137:214:280:308:434:447:535,10:24:30:38:40:42:43:44:54:61:63:78:79:80:90:94:103:106:110:120:125:126:127:128:175:176:177:180:184:198:199:200:205:209:213:232:240:250:256:258:282:283:284:312:313:314:325:336:338:342
org.apache.hadoop.yarn.server.nodemanager.containermanager.resourceplugin.deviceframework.DeviceMappingManager,93,0:1:22:45:46:47:53:59:61:62:63:74:89:92:93:94:101:102:118:122:124:128:139:159:174:175:176:177:188
src.Battle,8:625,26:42:46:47:48:49:50:51:53:54:55:58:61:62:63:66:67:68:71:72:73:76:77:78:79:80:81:88:89:90:92:95:96:97:101:102:103:106:107:108:109:110:111:113:114:115:118:121:122:123:126:127:128:132:133:134:135:136:137:139:140:141:144:147:148:149:152:153:154:157:158:159:161:162:163:167:168:169:170:171:172:174:175:176:179:182:183:184:187:188:189:192:193:194:196:197:198:206:207:208:214:215:216:222:223:224
org.apache.hadoop.crypto.CryptoInputStream,22:53,22:23:24:29:30:31:42:46:60:61:62:96:98:105:106:107:125:134:144:145:146:152:165:167:168:169:170:180:198:199:200:224:225:226:248:254:255:256:286:299:318:347:369:381:406:421:437:451:457:484:501:502:503:518:519:520:524:525:526:531:533:534:535:540:544:549:550:551:557:566:567:568:581:582:583:587:596:603:604:605:613:620:631:636:640:641:642:651:661:674:680:681:682:691:706:719:733:747:751:766:780:789:804:808:812:819:820:821:830:831:832:845:846:847:851:869:870:878:888:891:918:919:920:923:924:925:928:929:930:936:937:938:945:946:947:954:955:956:974:984
com.google.common.math.BigIntegerMath,13:45:80,4:5:6:12:16:25:33:45:58:70:76:77:78:90:102:118:125:129:143:148:152:153:154:155:157:158:159:160:174:175:176:189:190:191:206:207:208:242:265:273:282:288:307:308:309:328:341:347:361:376:399:400:401:428:441:464:475:481:494:507:533:534:535:548:552:553:554:587:607:622:635:649:652:700:727:731:744:753:764:815:834:848:872:881:892
gnu.trove.map.hash.TFloatObjectHashMap,121:135:156:169:196:210:363,41:42:43:81:82:83:100:101:102:118:126:127:128:142:143:144:151:158:159:160:165:176:184:185:186:199:213:214:215:244:256:257:258:289:290:291:320:333:334:335:362:363:364:382:383:384:407:408:409:438:439:440:458:461:484:485:486:514:518:534:540:556:568:569:570:571:582:593:594:595:606:607:608:617:618:620:628:630:639:640:641:645:653:659:660:661:679:680:681:698:708:709:710:719:734:735:736:753:772:781:796:809:816:817:818:819:846:847:848:866:867:868:873
org.apache.hadoop.yarn.server.nodemanager.LocalDirsHandlerService,51:95:171:231:248,12:13:14:27:28:29:80:89:109:118:132:141:152:153:154:188:200:201:202:203:205:206:207:221:233:234:235:236:238:239:240:248:256:257:258:272:281:287:289:327:331:332:333:343:347:348:349:361:362:363:367:371:379:410:417:418:419:442:448:463:466
de.outstare.fortbattleplayer.statistics.BattleStatistics,14:35,15:40:51:52:53:54:55:64:73:74:86:87:88:89:95:96:97:98:99:100:101:102:116:117:118:119:125:126:127:128:132:133:134:135:144:146:147:148:149:152:153:154:159:164:165:174:193:194:195:196:201:202:209:210:211:212:215:216:217:218:232:233:234:235:240:241:242:246:247:248:252:260:261:264:265:266:277:278:289:301:302:303:319:334:339:346:356:357:371:381:390:410:411:412:413:416:417:418
org.apache.hadoop.io.retry.AsyncCallHandler,2:17:101,3:6:7:8:9:10:11:14:18:19:20:23:24:31:32:38:39:40:43:44:45:51:52:55:62:63:86:87:88:106
wheel.asm.ClassWriter,8:255,11:12:13:14:19:21:22:23:33:35:36:37:50:51:52:65:85:93:124:130:139:148:154:155:156:161:162:163:169:173:177:181:185:186:192:194:207:229:251:259:283:309:327:349:371:390:409:443:450:452:462:474:479:504:521:528:530:563:564:566:568:582:583:584:585:596:604:611:622:627:628:629:637:638:639:640:655:656:657:658:662:663:664:665
org.apache.hadoop.thirdparty.protobuf.AbstractMessage,1,29:46:47:77:83:100:106:118:120:122:127:128:129:132:136:138:140:149:153:155:156:157:165:171:181:192:201:207:209:218:224:235:241:243:252:258:268:274:283:286:287:288:298:337:339:342:354:363:369
org.firebirdsql.jdbc.FBProcedureCall,3,0:3:22:32:37:44:52:54:62:70:76:86:90:94:99:103:107:117:126:127:128:135:149:157:158:159:165:178:185:189:196:211:215:219:234:239:242:243:244:245:274:281:300:308:318:324:334:340
Newzgrabber.Newzgrabber,124,19:73:181:193:204:211:224:231:238:239:240:249:265:266:267:305:359:360:361:419:420:421:459:495:496:497:535:536:537:575:576:577:615:616:617
org.apache.commons.math3.distribution.fitting.MultivariateNormalMixtureExpectationMaximization,27:33:55:69:75,11:17:32:62:63:64:83:127:133:134:135:136:139:140:141:159:169:183:209:233:234:235:236:257:267:271:272:273:274:275:276:277:278:282
org.apache.hadoop.yarn.proto.YarnServerResourceManagerRecoveryProtos,325:990:1947,2:4:6:7:8:10:12:13:14:15:17:18:19:22:24:25:26:27:28:29:30:32:33:34:35:37:38:39:41:43:44:45:46:47:48:49:51:52:53:54:56:57:58:61:63:64:65:70:72:74:76:77:78:79:81:82:83:84:86:87:88:89:91:92:93:94:96:97:98:99:101:102:103:104:106:107:108:109:111:112:113:115:117:119:120:121:122:124:125:126:127:129:130:131:132:134:135:136:137:139:140:141:142:144:145:146:150:151:152:153:155:158:159:160:161:163:164:165:166:167:168:169:170:172:173:176:178:180:182:184:186:190:192:193:194:195:197:199:200:201:203:205:207:208:209:210:212:214:215:216:217:219:221:222:223:224:226:227:228:229:231:232:233:234:236:237:239:243:245:246:247:248:250:252:254:255:256:261:264:267:269:270:271:274:277:279:284:286:287:288:290:291:293:295:298:300:302:303:304:305:307:309:311:312:313:316:318:320:322:323:324:326:327:329:331:334:336:338:339:340:341:343:345:347:348:349:354:357:360:362:363:364:367:370:372:377:382:398:404:406:407:408:409:411:412:413:414:416:420:422:423:424:426:428:430:431:432:433:435:436:437:440:442:443:444:447:449:450:451:452:454:455:456:458:460:461:462:463:464:465:466:468:469:470:471:472:473:474:476:477:478:479:481:482:483:485:487:488:489:490:492:493:494:495:497:498:499:500:502:503:504:505:507:508:509:510:512:513:514:515:517:518:519:524:528:532:534:536:537:538:539:541:542:543:544:546:547:548:549:551:552:553:554:556:557:558:559:561:562:563:564:566:567:568:569:571:572:573:575:577:579:580:581:582:584:585:586:587:589:590:591:592:594:595:596:597:599:600:601:602:604:605:606:610:613:616:619:620:621:622:623:624:625:626:628:630:633:635:637:639:641:644:646:647:648:650:652:654:655:656:658:660:662:663:664:665:667:669:670:671:672:674:676:677:678:679:680:681:683:684:686:687:691:695:699:701:702:703:708:711:714:716:717:718:721:724:726:731:733:734:735:740:743:746:748:749:750:753:756:758:763:765:766:767:769:771:773:775:776:777:780:782:784:786:787:788:790:791:793:795:798:800:802:803:804:806:807:809:811:814:816:818:819:820:821:823:825:827:828:829:832:834:836:838:839:840:841:843:845:847:848:849:850:852:854:856:857:858:859:861:863:865:866:867:868:870:872:874:875:876:877:879:881:883:884:885:886:888:890:895:911:917:919:920:921:922:927:943:949:951:952:953:954:956:957:958:959:961:965:968:970:971:972:977:979:980:981:983:985:987:988:989:993:994:995:996:998:999:1000:1001:1003:1004:1007:1009:1010:1011:1012:1014:1016:1019:1021:1022:1023:1024:1026:1030:1032:1033:1034:1036:1038:1040:1041:1042:1043:1045:1046:1047:1050:1052:1053:1054:1061:1063:1064:1065:1066:1068:1069:1070:1072:1074:1076:1077:1078:1079:1081:1082:1083:1087:1090:1093:1094:1095:1096:1097:1099:1101:1104:1107:1109:1110:1111:1113:1115:1117:1118:1119:1121:1123:1125:1126:1129:1131:1132:1133:1138:1141:1144:1146:1147:1148:1151:1154:1156:1161:1163:1164:1165:1170:1173:1176:1178:1179:1180:1183:1186:1188:1195:1197:1198:1199:1201:1203:1205:1207:1208:1209:1212:1214:1215:1216:1221:1223:1224:1225:1226:1228:1229:1230:1232:1234:1236:1237:1238:1239:1241:1242:1243:1247:1250:1251:1252:1253:1255:1256:1257:1258:1259:1261:1263:1265:1268:1270:1271:1272:1274:1276:1278:1279:1280:1281:1283:1285:1286:1289:1291:1292:1293:1298:1301:1304:1306:1307:1308:1311:1314:1316:1321:1323:1324:1325:1326:1328
twitter4j.OEmbedRequest,33:95,55:56:57:69:70:71:96:107:108:109:116:117:118:134:136:146:154:164:173:183:188:193:203:208:213:223:228:233:243:251:261:269
org.apache.commons.math3.optimization.linear.SimplexTableau,144,10:15:19:23:34:43:57:68:81:88:92:97:101:117:136:146:166:171:172:175:176:177:184:185:186:187:191:192:193:200:210:215:216:217:218:227:244:265:272:273:274:284:290:304:308:316:328:332:339:340:341:348:349:350:364:375:376:377:404:405:406:409:417:436:437:438:439:448:472:473:474:475:476:477:478:479:487:488:489:526:533:540:545:558:572:582:592:608:610:612:614:622:627:632:635:640:642:644:646
org.apache.hadoop.conf.Configuration,140:186:215:1178:1282,7:10:13:15:16:17:19:20:23:25:26:27:28:29:33:38:41:47:51:56:57:59:60:61:65:67:68:69:72:76:79:83:86:90:91:92:93:96:100:104:109:112:114:115:116:119:122:125:128:132:135:139:142:145:146:147:148:153:155:156:157:158:161:162:163:164:170:177:182:187:191:192:193:194:195:196:197:198:199:200:204:205:206:207:208:212:213:214:215:218:223:224:225:228:229:230:232:233:234:242:246:251:255:261:265:267:271:274:277:281:282:285:289:290:291:292:293:294:296:297:298:299:311:314:316:319:320:321:323:324:325:327:328:329:337:344:349:352:354:356:357:358:359:361:364:367:369:371:372:373:374:377:380:382:384:385:386:387:389:397:399:400:401:402:403:404:405:407:409:412:413:414:415:418:420:421:423:424:425:426:427:428:430:431:432:433:434:435:436:437:438:439:440:441:442:443:444:445:446:447:448:449:450:451:452:453:454:455:456:457:460:461:462:463:464:465:466:467:468:469:470:471:472:475:476:477:478:480:482:483:484:485:486:487:488:489:490:491:492:493:494:495:496:497:498:499:500:501:502:503:504:505:506:507:508:511:512:513:514:515:520:521:522:523:524:525:528:530:531:532:533:534:536:538:539:540:544:547:548:549:554:555:556:558:559:560:563:564:565:568:569:570:571:572:573:574:575:576:577:578:581:583:585:586:587:588:589:592:593:594:595:596:597:598:599:600:601:602:603:604:605
org.apache.hadoop.crypto.key.KeyProvider,101:130,13:27:39:63:64:65:68:91:92:93:97:114:129:136:137:138:148:149:150:152:155:159:160:161:165:166:167:171:172:173:177:178:179:192:193:194:197:243:266:287:356:381
org.apache.hadoop.mapreduce.tools.CLI,22:92:189,76:83:94:95:96:115:116:117:124:125:126:145:146:147:166:167:168:187:188:189:236:265:276:288:295:303:305:306:307:312:316:323:328:329:330:336:337:338:344:345:346:352:353:354:360:361:362:443
org.apache.hadoop.yarn.util.Apps,31,5:9:10:11:73:121:122:123:127:155:156:157:161:183:240:241:242:245
org.apache.hadoop.yarn.webapp.hamlet2.HamletGen,3:121:155:166,105:112:113:114:125:136:137:138:144:146:154:159:169:269:280:283:297:304:313:322:372:431:513:514:515:587:622:647:648:649:652:653:654:658:659:660:664:665:666:670:671:672:676:677:678:682:683:684:689:690:691:696:697:698:730:750:772:773:774:779:780:781:783:784:785:793:796:797:798:802:803:804:811:812:813:829:844:856:868:872:877:880:883:886
org.apache.hadoop.security.token.delegation.ZKDelegationTokenSecretManager,6:16:238:453,19:20:21:23:24:25:30:31:32:61:62:63:68:69:70:74:88:95:97:101:107:108:109:123:124:125:132:142:143:144:151:169:185:191:201:213:222:235:276:277:278:283:284:285:288:311:321:336:339:356:365:369:376
org.apache.hadoop.thirdparty.com.google.common.hash.BloomFilter,12:66:83,3:4:5:20:41:42:43:44:52:53:54:55:59:60:61:62:66:67:68:69:82:88:90:108:136:146:148:150:152:184:185:186:194:195:196:205:206:207:234:235:236:244:245:246:255:256:257:305:306:307:308:313:314:315:316:328:329:330:331:340:341:342:343:344:345:346:347:360:394
org.apache.hadoop.yarn.nodelabels.CommonNodeLabelsManager,323,4:26:37:38:39:42:43:44:52:65:66:67:70:72:81:82:83:104:105:106:115:116:117:120:121:132:133:134:147:149:151:163:172:173:174:194:201:209:262:265:269:280:296:297:298:301:303:335:336:337:346:347:348:356:357:358:361:372:373:374:377:379:380:381:382:383:386:404:408:409:410:422:423:424:428:454:456:457:458:464:465:466:487:493:494:495:505:515:523:525:536:537:538:541:555:559:560:561:591
org.objectweb.asm.jip.MethodWriter,12:240:304:356:372:410:747:755,2:3:4:7:8:9:10:11:12:15:17:20:26:29:30:33:35:37:40:44:46:54:58:61:64:67:73:77:81:84:91:92:96:100:102:105:108:111:115:118:122:126:133:136:140:146:150:153:156:160:163:166:170:173:176:180:183:186:195:199:200:204:206:210:214:216:220:222:226:230:235:238:242:243:248:252:254:258:262:264:266:268:269:270:277:278:280:286:292:296:299:303:307:309:313:316:322:326:330:331:334:339:340:341:342:343:346:348:349:350:351:354:355:356:357:358:361:363:364:365:366:369:374:378:379:383:387:394:398:402:410:414:419:423:426:429:433:437:444:446:454:457:460:464:467:471:474:476:480:483:487:492:497:499:503:506:510:514:518:525:529:536:540:541:546:548:550:552:553:554:555:559:560:561:562:563:564:567:569:570:571:572:575:577:583:587:592:596:601:605:610:612:613:614:615:616:617:618:619:620:621:623:624:625:626:630:631:633:634:635:642:645:646:650:653:656:660:664:668:672:676:678:684:686:688:690:696:698:700:702:708:710:714:718:720:724:728:730:732:734:738:742:746:749:750:755:759:760:765:767:772
net.sf.sugar.fspath.cli.FSPathExplorer,30:34:45,32:39:40:41:43:44:45:60:73:78:79:80:85:86:87:95:96:97:102:103:104:112:119:124:126:127:128:131:132:133:136:137:138:140:141
Scanner,17:115:812:1166:1240:1316,2:5:8:11:14:17:20:22:26:28:32:34:36:37:38:41:43:44:45:48:50:51:52:55:58:59:60:61:62:63:64:65:66:67:68:69:70:72:73:74:77:81:83:84:85:88:90:91:92:95:98:99:100:103:107:109:110:111:114:116:117:118:119:120:121:124:128:129:130:133:137:139:140:141:144:146:147:148:149:150:151:154:156:157:158:159:160:161:164:167:168:169:172:174:175:176:177:178:179:182:184:185:186:189:191:192:193:196:200:203:205:206:207:210:214:215:216:217:220:221:222:223:226:229:231:232:233:236:240:241:242:243:246:247:248:249:252:255:257:258:259:262:266:267:268:269:272:273:274:275:276:277:278:279:280:281:282:283:284:285:286:287:290:292:293:294:297:299:300:301:302:303:304:307:309:310:311:312:313:314:315:316:317:319:323:327:330:334:338:341:345:348:352:356:359:363:366:370:374:377:381:384:387:390:393:397:400:403:407:410:413:416:419:422:425:428:431:433:437:440:441:442:443:444:445:446:447:448:449:450:451:452:453:454:455:456:457:458:459:460:461:462:463:466:469:472:475:479:482:485
gnu.trove.list.linked.TDoubleLinkedList,338,1:13:20:32:46:55:86:89:105:114:124:136:143:148:150:159:175:184:191:198:203:212:224:244:253:263:272:281:288:290:291:292:294:295:300:302:307:318:327:328:334:336:351:356:362:363:364:365:374:381:382:383:384:390:391:392:393:396:402:403:409:410:411:412:420:435:439:440:449:465:475:484:501:513:514:515:525:566:567:568:574:590:599:601:605:630:631:632:645:657:670:683:690:691:692:702:719:726:745:754:757:773:774:775:782:790:800:821:834:845:847:854:857:858:859:865:866:868:869:870:876:877:879:880:881:885:887:888:889:890:897:906:917:929:938:945:946:947:954:955:956:965:971:973
org.apache.hadoop.security.LdapGroupsMapping,64:92:226:243:249,8:47:49:50:51:54:59:61:62:63:78:85:89:90:91:97:98:99:110:114:121:125:126:127:128:129:130:133:136:142:151:186:216:224:225:226:230:231:232:238:239:240:251:261:262:263:267:274:275:276:278:279:280:288:289:290:291:292:293:299:300:301
com.pmdesigns.jvc.tools.JVCParser,145:319,53:61:64:65:66:78:86:103:113:114:115:123:126:133:145:146:147:153:154:155:167:170:185:190:191:192:204:213:235:246:257:267:283:291:301:320:331:338:352:353:354:375:391:466:489:512:533:554:573:580:595:606:632:633:634:652:661:673:681:683:684:685:701:705
org.apache.hadoop.fs.viewfs.NflyFSystem,16:67,22:25:33:58:68:73:101:122:123:130:131:132:140:173:174:175:184:211:212:213:220:233:234:235:242:253:262:276:277:278:285:291:298:303:304:305:314:316:343:347:348:349:351:352:353:357:377:381:397:403:430:436:441:456:461:466:482:488:492:517:524:529:530:531:553:576:593:606
org.jfree.chart.plot.XYPlot,25:73:297:337:377:634:1170:1212:1292:1696,29:35:39:45:47:56:67:72:76:78:80:89:94:108:109:110:111:114:121:125:129:134:135:136:155:156:157:165:168:169:170:178:183:185:188:191:199:205:206:209:211:217:220:223:231:232:235:238:239:240:245:251:255:259:266:267:268:276:277:278:282:284:286:289:297:298:302:305:306:310:311:313:315:316:317:318:319:331:335:337:338:339:351:352:355:358:360:361:364:366:369:372:380:381:385:388:393:396:400:403:413:417:420:424:426:427:428:429:432:434:436:437:438:439:442:443:444:445:446:447:452:453:454:455:456:462:463:464:469:470:471:472:473:478:481:485:486:492:493:497:499:504:506:511:513:515:517:519:522:524:526:533:541:542:543:550:577:583:590:596:603:609:616:622:629:635:642:648:655:661:668:674:681:687:694:700:707:713:720:722:732
org.apache.commons.math3.linear.MatrixUtils,16:43,6:15:36:45:64:73:80:89:107:132:146:163:194:219:239:268:280:285:299:306:316:331:332:333:334:338:339:340:341:342:343:344:348:371:372:373:379:387:392:393:394:400:408:424:446:465:472:478:480:484:486:489:529:545:566:576:598:611:620:627:638:647:648:649:655:656:657:658:669:679:683:690:698:708:717:718:719:725:726:727:728:739:751:759:776:787:800:811:817
org.apache.hadoop.yarn.api.protocolrecords.impl.pb.IncreaseContainersResourceResponsePBImpl,38,5:9:14:23:24:29:30:32
org.apache.hadoop.thirdparty.protobuf.compiler.PluginProtos,1479,2:4:6:8:10:12:13:14:15:17:18:19:20:22:23:24:25:27:28:29:30:31:32:37:39:40:41:42:44:45:46:47:49:50:51:52:54:55:56:58:60:62:63:64:65:67:68:69:70:72:73:74:75:77:78:79:83:85:88:90:93:95:98:99:100:101:102:103:104:105:107:108:110:112:114:117:119:120:121:122:124:126:127:128:129:131:133:134:135:136:138:140:141:142:143:145:147:148:149:150:151:155:157:158:159:160:162:164:166:167:168:169:171:173:175:176:177:178:180:182:184:185:186:188:189:191:193:196:200:205:207:209:211:212:213:214:216:217:218:219:220:221:222:224:225:226:235:239:240:242:243:244:245:247:248:249:252:254:258:259:261:262:263:264:266:267:268:271:276:277:278:279:282:285:286:287:288:289:290:291:292:293:294:295:297:298:300:303:306:309:311:312:313:314:316:318:319:320:321:324:326:327:328:329:331:333:334:335:336:339:340:342:343:346:347:348:350:351:352:353:354:358:362:367:371:374:376:377:378:380:381:383:385:388:390:395:411:417:419:420:421:422:424:425:426:431:434:437:439:440:441:444:447:449:456:458:463:467:469:471:473:475:476:477:478:479:480:481:483:484:485:486:487:488:489:491:492:493:494:495:496:501:503:504:505:506:508:509:510:511:513:514:515:517:519:521:522:523:524:526:527:528:529:531:532:533:537:538:539:540:542:543:544:545:547:548:549:550:552:553:554:555:556:557:559:560:562:564:567:569:570:571:572:574:576:577:578:579:581:583:584:585:586:588:590:591:593:594:596:597:601:603:604:605:607:608:610:612:615:617:619:620:621:623:624:626:628:631:633:635:636:637:639:640:642:644:647:649:651:652:653:654:655:656:661:663:664:665:668:670:672:674:675:676:679:683:684:685:686:689:690:691:692:693:694:695:697:698:701:704:706:707:708:709:712:714:715:716:717:719:721:722:725:726:727:729:730:731:732:733:735:736:737:739:742:744:745:746:748:749:751:753:756:758:763:779:785:787:788:789
com.pmdesigns.jvc.tools.JVCParserTokenManager,125,0:2:3:4:5:7:8:9:12:16:18:20:21:22:23:28:30:31:32:33:35:36:37:38:40:41:42:43:48:50:51:52:55:59:62:65:67:68:69:70:72:73:74:75:77:78:79:82:85:86:88:89:90:91:93:94:95:98:100:102:103:104:105:110:112:113:114:115:117:118:119:120:122:123:124:125:130:132:133:134:137:141:144:147:149:150:151:152:154:155:156:157:159:160:161:164:167:168:170:171:172:173:175:176:177:180:182:184:185:186:187:192:194:195:196:197:199:200:201:202:204:205:206:207:212:214:215:216:219:223:226:229:231:232:233:234:236:237:238:239:241:242:243:246:249:250:252:253:254:255:257:258:259:262:264:266:267:268:269:274:276:277:278:279:281:282:283:284:286:287:288:289:294:296:297:298:301:305:308:311:313:314:315:316:318:319:320:321:323:324:325:328:331:332:334:335:336:337:339:340:341:344:346:348:349:350:351:356:358:359:360:361:363:364:365:366:368:369:370:371:376:378:379:380:383:387:390:393:395:396:397:398:400:401:402:403:405:406:407:410:413:414:416:417:418:419:421:422:423:426:428:430:431:432:433:438:440:441:442:443:445:446:447:448:450:451:452:453:458:460:461:462:465:469:472:475:477:478:479:480:482:483:484:485:487:488:489:492:495:496:497:498:501:502:503:504:511:517:519:523:527:531:534
org.apache.hadoop.thirdparty.com.google.common.io.ByteSource,89,0:5:18:21:31:32:33:40:44:65:76:81:90:94:103:104:105:117:118:119:136:137:138:146:147:148:157:158:159:171:172:173:187:194:195:196:205:218:219:220:221:224:242:255:310:344:345:346:356:357:358:380:390:420:426:433:438:443:444:445:454:458:463:464:465:479
gnu.trove.impl.hash.TFloatDoubleHash,23:31:130:141,26:27:28:34:35:36:61:69:70:71:72:121:123:124:125:126:129:142:147:148:149:158:187:200:210:215:216:217:218:255:278:280:281:282:283:286:303:312:324:329:330:331:340:358:393:403:418:426:427:428:429:470:483:485:486:487:488:491:501:511:516:517:518:527
org.apache.commons.math3.ode.AbstractIntegrator,12:22:37:125,46:55:56:57:67:76:88:93:124:126:139:144:145:146:147:148:160:161:162:163:168:169:170:171:182:183:184
com.eteks.sweethome3d.viewcontroller.HomeController,17:59:70:73:89:107:127:131:134:143:162:179:204:234:315:359:389:400:414:449:455:510:519:528:549:558:581:587:609:653:666,0:1:9:10:11:27:28:29:30:74:80:81:82:92:93:115:116:122:135:136:137:138:139:140:141:142:143:152:200:201:202:207:208:220:225:226:227:231:232:233:246:250:251:252:267:268:269:270:274:278:279:280:285:286:287:314:315:322:323:329:330:340:347:356:364:371:380:391:398:402:405:436:438:439:445:457:458:459:478:480:481:482:493:501:502:503:504:510:517:520:521:524:525:526:527:538:548:549:550:551:552:553:554:556:567:568:569:577:585:593:601:607:609:610:611:620:639:640:641:642:649:650:651:652
ipac.WhoIS,13:50:91:102:116:180:198,15:23:233:234:235:251:262:273:284
org.apache.hadoop.yarn.server.resourcemanager.scheduler.distributed.NodeQueueLoadMonitor,13:121,14:19:25:38:66:67:68:74:96:114:141:145:146:147:150:151:152:155:158:162:164:165:166:172:179:180:181:198:213:227:228:229:230:238:239:240:246:254
org.apache.hadoop.security.authentication.util.ZKSignerSecretProvider,15:45:118:141,3:21:31:37:81:90:97:106:113:122:129:158:159:160:179:190:204:205:206:241:242:243:367:368:369:374:375:376:380
org.apache.commons.lang3.ArrayUtils,122:842,1:2:3:4:7:8:9:12:55:58:61:64:67:70:73:76:79:82:85:90:93:97:100:104:107:111:114:118:121:125:128:132:135:139:142:146:149:153:156:157:158:159:160:163:166:167:168:171:174:176:177:178:181:184:185:186:187:188:191:192:193:194:195:196:197:198:199:200:203:204:205:206:207:208:209:210:211:212:213:216:217:218:219:220:221:223:224:225:228:231:233:234:235:238:243:244:245:249:253:254:256:257:258:261:264:266:267:268:269:272:273:274:275:278:280:281:282:283:286:287:288:289:292:294:295:296:297:300:301:302:303:306:308:309:310:311:314:315:316:317:320:322:323:324:325:328:329:330:331:334:336:337:338:339:342:343:344:345:348:350:351:352:353:356:357:358:359:362:364:365:366:367:370:371:372:373:376:378:379:380:381:384:385:386:387:390:391:392:393:396:435:438:441:444:447:450:453:456:459:462:468:471:472:473:474:478:481:482:483:484:488:491:492:493:494:498:501:502:503:504:508:511:512:513:514:518:521:522:523:524:528:531:532:533:534:538:541:542:543:544:549:552:553:554:555:557:558:559:562:563:564:565:568:569:570:573:574:575:576:579:581:582:583:586:587:588:589:592:594:595:596:599:600:601:602:607:608:609:612:613:614:615:616:617:618:619:620:621:623:624:625:628:629:630:631:636:637:638:641:642:643:644:647:649:650:651:654:655:656:657:662:663:664:667:669:670:671:673:674:675:676:677:679:680:681:684:685:686:687:690:691:692:693:694:695:696:697:698:699:700:701:702:703:704:705:706:707:708:709:712:713:714:717:720:723:725:726:727:728:729:730:731:732:733:734:735:736:737:740:743:746:749:752:755:758:761:764:767:770:773:775:778:782:788:791:795:801:804:808:814:817:821:827:830:834:840:843:847:853:856:860:866:869:873:879:882:886:895:900:905:910:915:920:925:930:935:942:947:948:949:950:951:952:953:956:958:959:960:962:963:964:967:970:975:976:977:978:979:980:981:984:986:987:988:990:991:992:995:998:1003:1004:1005:1006:1007:1008:1009:1012:1014:1015:1016:1018:1019:1020:1023:1026:1031:1032:1033:1034:1035:1036:1037:1040:1042:1043:1044:1046:1047:1048:1051:1054:1059:1060:1061:1062:1063:1064:1065:1068:1070:1071:1072:1074:1075:1076:1079:1082:1087:1088:1089:1090:1091:1092:1093:1096:1098:1099:1100:1102:1103:1104:1107:1110:1115:1116:1117:1118:1119:1120:1121:1124:1126:1127:1128:1130:1131:1132:1135:1138:1143:1144:1145:1146:1147:1148:1149:1152:1154:1155:1156:1158:1159:1160:1163:1166:1171:1172:1173:1174:1175:1176:1177:1180:1182:1183:1184:1186:1187:1188:1191:1194:1205:1206:1207:1210:1211:1212:1213:1215:1216:1217:1220:1221:1222:1223:1225:1226:1227:1230:1231:1232:1233:1235:1236:1237:1240:1241:1242:1243:1245:1246:1247:1250:1251:1252:1253:1255:1256:1257:1260:1261:1262:1263:1265:1266:1267:1270:1271:1272:1273:1275:1276:1277:1280:1281:1282:1283:1285:1286:1287:1290:1291:1292:1293:1294:1298:1301:1302:1303:1304:1305:1306:1307:1310:1311:1315:1318:1319:1320:1321:1322:1323:1324:1327:1328:1332:1335:1336:1337:1338:1339:1340:1341:1344:1345:1349:1352:1353:1354:1355:1356:1357:1358:1361:1362:1366:1369:1370:1371:1372:1373:1374:1375:1378:1379:1383:1386:1387:1388:1389:1390:1391:1392:1395:1396:1400:1403:1404:1405:1406:1407:1408:1409:1412:1413:1417:1420:1421:1422:1423:1424:1425:1426:1429:1430:1434:1437:1438:1439:1440:1441:1442:1443:1446:1449:1453:1454:1455:1458:1463:1498:1505:1513:1520:1528:1535:1543:1550:1558:1565:1573:1580:1588:1595:1598:1599:1600:1601:1602:1603:1604:1605:1612:1619:1628:1635
org.firebirdsql.encodings.EncodingFactory,217,4:5:6:25:26:27:32:33:34:39:40:41:46:47:48:53:54:55:60:61:62:67:68:69:74:75:76:84:97:121:122:123:142:143:144:150:151:152:158:159:160:166:167:168:174:175:176:182:183:184:190:191:192:252:253:254:279:280:281:297:299:313:314:315:341:364:366
org.apache.hadoop.ha.ActiveStandbyElector,20:55:310:325:393,16:17:18:47:51:78:79:80:92:103:129:130:131:145:146:147:163:164:171:184:189:197:198:208:214:228:249:250:251:274:275:293:296:339:342:351:384:385:386:389:390:391:392:398:407
org.apache.commons.cli.Option,9:28,15:33:34:35:47:55:56:57:78:89:90:91:109:111:124:134:138:151:158:160:170:175:177:183:184:185:195:196:197:203:204:205:222:230:243:249:250:251:259:263:276:277:278:279:307
org.apache.hadoop.thirdparty.org.checkerframework.checker.i18nformatter.I18nFormatUtil,47,6:14:15:16:19:34:45:59:69:108:143:169:179:183:193:202:230:247:268:269:270:290:295:296:297:312:318:319:320
org.apache.hadoop.mapreduce.jobhistory.HumanReadableHistoryViewerPrinter,20:29:140:155:162:176:196:250:273,8:53:63:70:74:75:76:114:115:116:126:127:128:147:153:154:155:157:158:159:165:166:167:173:176:177:178:179:180:182:183:184:190:191:192:197:200:206:212:222:228:250:256
org.apache.hadoop.yarn.server.nodemanager.containermanager.monitor.ContainerMetrics,27:88,15:16:17:61:68:81:82:83:97:98:99:115:116:117:185:186:187:199
org.apache.hadoop.ipc.ProtobufRpcEngine2,41:105:132:152,22:28:37:41:51:52:53:56:96:102:128:139
org.apache.hadoop.yarn.server.resourcemanager.scheduler.placement.LocalityAppPlacementAllocator,32:41,6:23:24:25:29:30:31:36:37:41:42:43:53:57:65:69:70:71:92:105:106:107:110:135:142:143:144:149:150:151:155:156:157:161:169:170:171:172:176:177:178:179
org.apache.commons.math3.optim.nonlinear.scalar.noderiv.AbstractSimplex,25,19:35:39:61:63:64:65:69:84:93:110:127:142:143:144:153:164:180:197:217:218:219:220:227:241:245:259:263:264:265:282:283:284:290:298:306:307:308:314:322:328:344
org.apache.hadoop.fs.shell.Delete,7:35:82,52:70:84:94:95:96:101:102:103:189:190:191:204:207:210
org.apache.hadoop.net.SocketIOWithTimeout,73,6:15:17:25:26:27:56:58:65:66:67:73:88:89:90:91:96:97:98:103:104:105:110:114:115:116:129:130:134:135:186:187:188:198:199:200:209:213:229:240:243:244:248:249:250
bcry.bcGenerator,8:37:239,9:16:22:31:40:54:55:56:61:62:63:86:95:103:104:105:112:113:114:118:119:120:131:152:171:173:199:211:212:213:214:215:216:217:227:266:286:303:309:310:311:316:323:324:325:330:337:338:339:356:368:371:372:373:375:376:377:382:391:397:398:399:404:405:406:417:422:423:424:438:442:443:444:453:456:457:458:467:479:480:481:489:492:493:494:495:496:497:503:505:506:507:508:509:510:514:515:516:521:547:554:571:581:593:604:616:626:637:649:659:670:682:692:704:715:721:728:736:745:752:762:791:798:805:812:819:826:833:837:848
org.apache.hadoop.yarn.api.records.impl.pb.ResourcePBImpl,56,2:6:10:17:18:19:36:37:51:75:76:77:82:83:84:95:96:97:108:109:110:114:116:117:118:123:124:125:130
org.apache.commons.collections4.list.TreeList,80:85:270:281,0:1:2:13:34:35:36:46:65:67:68:69:72:79:90:100:111:120:134:142:153:162:184:193:196:206:216:230:240:247:264:275:276:277:291:300:305:318:335:346:362:367:368:369:386:387:388:395:405:406:407:414:417:419:430:441:442:443:450:451:452:459:467:468:469:476:482:483:484:491:497:498:499:506:514:515:516:525:537:538:539:544:548:550:551:552:554:555:556:557:558:559:560:578:603:610:617:633:640:655:660:669:678:687:700:712:716:749:756:775:780:781:782:794:802:810:820:831:839:850:865:873
org.apache.hadoop.yarn.server.router.webapp.FederationInterceptorREST,1:14:103:141:143:169:213:252:296:431:445,18:22:23:24:27:32:42:43:44:56:73:81:84:196:217:218:219:225:226:227:230:233:238:239:240:246:249:253:258:259:260:266:274:280:288
gnu.trove.impl.hash.TFloatCharHash,23:31:130:141,24:25:26:32:33:34:59:67:68:69:70:119:121:122:123:124:127:140:145:146:147:156:185:198:208:213:214:215:216:253:276:278:279:280:281:284:301:310:322:327:328:329:338:356:391:401:416:424:425:426:427:468:481:483:484:485:486:489:499:509:514:515:516:525
org.jfree.chart.renderer.category.AbstractCategoryItemRenderer,225:249:272:331:408,18:21:38:41:58:61:89:97:125:137:143:194:195:196:202:212:252:348:435:441:459:473:481:500:507:508:509:515:604:605:606:607:617:618:619:620:629:630:631:632:649:650:651:652:661:662:663:664
org.apache.hadoop.yarn.api.records.impl.pb.ApplicationReportPBImpl,29,6:11:14:17:20:23:26:29:32:35:37:41:44:47:49:51:54:56:59:61:64:69:85:86:87:90:99:103:114:121:125:131:136:140:146:147
org.apache.hadoop.yarn.client.api.impl.TimelineV2ClientImpl,16:101:140:160:174,32:33:34:35:36:37:40:41:42:45:46:47:52:53:54:58:59:60:64:75:84:85:86:98:105:123:124:125:164:168:169:170:172:178:188:190:195:207
org.apache.hadoop.tools.proto.GetUserMappingsProtocolProtos,498,18:32:34:35:36:39:40:41:72:74:75:76:90:102:104:105:106:112:120:136:138:139:140:150:151:152:171:177:179:189:196:207:213:224:230:241:249:259:261:262:263:267:276:278:283:294:296:297:298:302:303:309:318:325:346:357:371:373:374:375:413:431:448:465:477:485:491:499:523:524:525:544:550:552:553:554:564:571:582:588:599:605:616:624:634:636:637:638:646:651:654:662:671:680:700
de.progra.charting.CoordSystemUtilities,17:31:64:96:126:143:156,17:18:19:24:25:26:38:51:63:64:65:66:67:68:69:70:71:72:73:74:75:76:77:78:79:80:81:82:96:117:118:119:120:121:122:123:124:140:141:142:143:144:145:146:147:148:149:150:151:163:164:165:170:171:172:184:197:209:210:211:212:213:214:215:216:217:218:219:220:221:222:223:224:225:226:227:228:242:265:266:267:272:273:274:291:292:293:297:319:320:321:326:327:328:346:347:348:352:374:375:376:381:382:383:413:414:415:420:421:422:449:450:451:456:457:458:479:480:481:486:487:488:502:503:504:509:510:511
org.apache.commons.math3.ode.nonstiff.EmbeddedRungeKuttaIntegrator,10:21:42,12:13:14:15:43:44:45:46:74:75:76:86
org.apache.hadoop.yarn.server.resourcemanager.scheduler.fair.QueueManager,21:116,0:4:5:6:7:37:57:70:74:80:93:111:121:138:156:157:170:174:175:176:180:181:182:190:191:192:196:197:198:201:217:226:236:237:238:239:240:241:244:248:249:250:251:252:256:257:258:259:262:263:269:270:271:277:278:279:282:283:284:291:293:300:304:305:306:309:310:311
org.apache.hadoop.yarn.server.nodemanager.health.NodeHealthScriptRunner,19,43:44:45:73:74:79:80:87:91:92:93:103:104:105
org.apache.hadoop.yarn.server.nodemanager.containermanager.linux.resources.CGroupsHandlerImpl,17,18:27:35:42:49:61:62:63:65:66:67:68:71:72:77:78:79:100:101:141:151:158:183:186:187:188:207:216:217:218
org.apache.hadoop.thirdparty.protobuf.DescriptorProtos,17:4244:4674:5386:5620:6345:7290:8097:9075:9649:12806:13343,2:7:10:12:13:14:21:25:27:31:36:37:38:39:40:41:43:45:49:51:52:53:54:56:59:60:61:63:64:65:66:67:69:70:71:73:74:76:79:83:88:104:110:112:113:114:117:119:121:126:128:130:131:132:133:134:135:136:138:139:140:141:142:143:144:146:147:148:151:153:154:155:158:160:161:162:163:164:165:172:176:180:184:185:187:188:189:190:192:193:194:197:200:203:206:208:210:212:213:214:215:217:218:219:222:225:229:230:231:232:234:235:236:237:241:242:243:244:245:246:247:248:249:250:251:253:254:256:258:260:262:265:268:271:273:274:275:276:278:280:281:282:283:285:287:288:289:290:292:294:295:296:297:299:301:303:304:306:307:310:311:314:317:321:325:329:331:335:337:338:339:341:342:344:346:349:351:353:354:355:357:358:360:362:365:367:372:376:379:384:386:388:389:390:391:393:398:400:402:403:404:405:407:412:428:434:436:437:438:439:444:460:466:468:469:470:471:476:492:498:500:501:502:503:508:524:530:532:533:534:535:537:538:539:544:547:550:552:553:554:557:560:562:567:569:570:571:576:579:582:584:585:586:589:592:594:599:601:602:603:605:606:608:610:613:617:619:624:626:633:635:637:639:640:641:643:645:646:647:648:650:651:652:653:655:656:657:664:666:668:669:670:671:673:674:675:676:678:679:680:682:684:686:687:688:689:691:692:693:694:696:697:698:702:704:707:709:712:715:716:717:718:719:720:722:723:725:728:731:733:734:735:736:738:740:741:742:743:745:747:748:749:751:753:755:756:757:758:762:764:765:766:767:769:771:773:774:775:776:778:780:782:783:784:789:792:795:797:798:799:802:805:807:814:816:819:821:822:823:824:826:827:828:833:835:836:837:838:840:841:842:844:846:848:849:850:851:853:854:855:859:861:864:866:869:870:871:872:873:875:876:878:881:883:884:885:886:888:890:891:892:893:895:897:898:901:903:904:905:906:908:910:912:913:914:915:917:919:921:922:923:924:925:926:927:929:930:931:940:944:948:952:953:955:956:957:960:963:966:969:971:973:975:976:977:980:983:986:990:991:992:993:999:1000:1001:1002:1003:1004:1005:1006:1007:1008:1009:1010:1011:1013:1014:1017:1020:1023:1026:1029:1031:1032:1033:1034:1037:1039:1040:1041:1042:1045:1047:1048:1049:1050:1052:1054:1055:1058:1059:1060:1062:1063:1064:1065:1066:1068:1069:1070:1072:1075:1079:1083:1087:1091:1095:1097:1098:1099:1101:1102:1104:1106:1109:1111:1116:1132:1138:1140:1141:1142:1143:1148:1164:1170:1172:1173:1174:1175:1180:1196:1202:1204:1205:1206:1207:1212:1228:1234:1236:1237:1238:1239:1244:1260:1266:1268:1269:1270:1271:1276:1292:1298:1300:1301:1302:1303:1305:1306:1307:1312:1315:1318:1320:1321:1322:1325:1328:1330:1335:1340:1356:1362:1364:1365:1366:1367:1372:1376:1381:1386:1389:1391:1392:1393:1400:1405:1407:1411:1417:1418:1419:1420:1421:1422:1424:1426:1430:1432:1433:1434:1435:1437:1440:1441:1442:1444:1445:1446:1447:1448:1450:1451:1452:1454:1455:1457:1460:1465:1470:1486:1492:1494:1495:1496:1499:1501:1503:1505:1507:1508:1509:1510:1511:1512:1513:1515:1516:1517:1518:1520:1521:1522:1524:1526:1527:1528:1530:1532:1533:1534:1535:1536:1537:1538:1540:1541:1542:1543:1544:1545:1546:1548:1549:1550:1551:1552:1553:1554:1556:1557:1558:1559:1561:1562:1563:1564:1565:1566:1567:1569:1570:1571:1578:1580:1582:1583:1584:1585:1587:1588:1589:1590:1592:1593:1594:1595:1597:1598:1599:1600:1602:1603:1604:1605:1607:1608:1609:1610:1612:1613:1614:1615:1617:1618:1619:1621:1623:1625:1626:1627:1628:1630:1631:1632:1633:1635:1636:1637:1638:1640:1641:1642:1643:1645:1646:1647:1648:1650:1651:1652:1656:1657:1658:1659:1661:1663:1666:1668:1671:1672:1673:1674:1675:1676:1677:1678:1680:1681:1683:1685:1687:1689:1691:1693:1695:1698:1700:1701:1702:1703:1705:1707:1708:1709:1710:1712:1714:1715:1716:1717:1719:1721:1722:1723:1724:1726:1728:1729:1730:1731:1733:1735:1737:1738:1740:1741:1742:1743:1744:1746:1747:1749:1750:1754:1756:1757:1758:1760:1761:1763:1765:1768:1770:1772:1773:1774:1775:1777:1779:1781:1782:1783:1786:1788:1790:1792:1793:1794:1797:1799:1801:1803:1804:1805:1807:1808:1810:1812:1815:1817:1819:1820:1821:1823:1824:1826:1828:1831:1833:1835:1836:1837:1839:1840:1842:1844:1847:1849:1851:1852:1853:1854:1856:1858:1860:1861:1862:1864:1865:1867:1869:1872:1874:1876:1877:1878:1883:1886:1889:1891:1892:1893:1896:1899:1901:1908:1910:1912:1913:1914:1916:1918:1919:1920:1921:1922:1923:1924:1926:1927:1928:1935:1937:1939:1940:1941:1942:1944:1945:1946:1948:1950:1952:1953:1954:1955:1957:1958:1959:1963:1964:1965:1966:1968:1971:1972:1973:1974:1975:1977:1978:1981:1984:1986:1987:1988:1989:1991:1993:1994:1995:1997:1999:2001:2002:2004:2005:2009:2011:2012:2013:2015:2016:2018:2020:2023:2025:2027:2028:2029:2034:2037:2040:2042:2043:2044:2047:2050:2052:2059:2061:2066:2070:2072:2075:2077:2078:2079:2080:2082:2083:2084:2089:2091:2092:2093:2094:2096:2097:2098:2100:2102:2104:2105:2106:2107:2109:2110:2111:2115:2117:2120:2122:2125:2126:2127:2128:2129:2131:2132:2134:2137:2139:2140:2141:2142:2144:2146:2147:2148:2149:2151:2153:2154:2157:2159:2160:2161:2162:2164:2166:2168:2169:2170:2171:2173:2175:2177:2178:2179:2180:2181:2182:2183:2185:2186:2187:2196:2198:2200:2202:2203:2204:2207:2208:2210:2211:2212:2215:2218:2220:2222:2224:2225:2226:2229:2230:2232:2233:2234:2237:2241:2242:2243:2244:2247:2251:2252:2253:2254:2255:2256:2257:2258:2259:2260:2261:2263:2264:2267:2270:2273:2275:2278:2280:2281:2282:2283:2286:2288:2289:2290:2291:2293:2295:2296:2297:2299:2301:2303:2304:2307:2308:2309:2311:2312:2313:2314:2315:2317:2318:2319:2321:2324:2326:2330:2332:2333:2334:2336:2337:2339:2341:2344:2346:2351:2367:2373:2375:2376:2377:2378:2380:2381:2382:2387:2390:2393:2395:2396:2397:2400:2403:2405:2410:2415:2431:2437:2439:2440:2441:2442:2447:2451:2456:2458:2460:2462:2463:2464:2465:2467:2468:2469:2470:2471:2472:2473:2475:2476:2477:2478:2480:2481:2482:2489:2491:2493:2494:2495:2496:2498:2499:2500:2501:2503:2504:2505:2507:2509:2511:2512:2513:2514:2516:2517:2518:2519:2521:2522:2523:2527:2528:2529:2530:2532:2534:2537:2540:2541:2542:2543:2544:2545:2547:2548:2550:2553:2556:2558:2559:2560:2561:2563:2565:2566:2567:2568:2570:2572:2573:2574:2576:2578:2580:2581:2583:2584:2585:2589:2591:2592:2593:2595:2596:2598:2600:2603:2605:2607:2608:2609:2610:2612:2614:2616:2617:2618:2623:2626:2629:2631:2632:2633:2636:2639:2641:2648:2650:2655:2657:2659:2660:2661:2662:2663:2664:2665:2667:2668:2669:2678:2680:2682:2684:2685:2686:2689:2690:2692:2693:2694:2696:2698:2700:2701:2702:2705:2706:2708:2709:2710:2714:2715:2716:2717:2720:2723:2724:2725:2726:2727:2728:2729:2730:2732:2733:2736:2739:2742:2744:2745:2746:2747:2750:2752:2753:2754:2755:2757:2759:2760:2761:2763:2765:2767:2768:2771:2772:2773:2775:2776:2777:2778:2779:2781:2782:2783:2785:2788:2790:2794:2796:2797:2798:2800:2801:2803:2805:2808:2810:2815:2831:2837:2839:2840:2841:2842:2844:2845:2846:2851:2854:2857:2859:2860:2861:2864:2867:2869:2876:2878:2880:2882:2884:2885:2886:2887:2888:2889:2890:2892:2893:2894:2895:2896:2897:2898:2900:2901:2902:2903:2904:2905:2906:2908:2909:2910:2913:2915:2916:2917:2918:2920:2921:2922:2927:2929:2931:2932:2933:2934:2936:2937:2938:2939:2941:2942:2943:2944:2946:2947:2948:2949:2951:2952:2953:2954:2956:2957:2958:2960:2962:2964:2965:2966:2967:2969:2970:2971:2972:2974:2975:2976:2977:2979:2980:2981:2982:2984:2985:2986:2987:2989:2990:2991:2995:2996:2997:2998:3000:3001:3002:3003:3005:3006:3007:3008:3010:3011:3012:3013:3014:3015:3016:3017:3019:3020:3022:3024:3027:3029:3031:3034:3036:3037:3038:3039:3041:3043:3044:3045:3046:3048:3050:3051:3052:3053:3055:3057:3058:3059:3061:3063:3065:3066:3067:3068:3070:3071:3073:3074:3076:3077:3079:3080:3081:3082:3086:3088:3089:3090:3092:3093:3095:3097:3100:3102:3104:3105:3106:3108:3109:3111:3113:3116:3118:3120:3121:3122:3124:3125:3127:3129:3132:3134:3136:3137:3138:3143:3146:3149:3151:3152:3153:3156:3159:3161:3166:3168:3169:3170:3171:3173:3175:3177:3178:3179:3180:3182:3186:3188:3191:3193:3194:3195:3196:3197:3198:3199:3201:3202:3203:3204:3205:3206:3207:3209:3210:3211:3212:3214:3215:3216:3217:3219:3220:3221:3222:3224:3225:3226:3228:3230:3231:3232:3233:3234:3235:3236:3238:3239:3240:3241:3243:3244:3245:3246:3248:3249:3250:3251:3253:3254:3255:3256:3258:3259:3260:3261:3263:3264:3265:3266:3268:3269:3270:3271:3272:3273:3274:3276:3277:3278:3279:3280:3281:3282:3284:3285:3286:3287:3288:3289:3290:3292:3293:3294:3295:3296:3297:3298:3300:3301:3302:3303:3304:3305:3306:3308:3309:3310:3311:3312:3313:3314:3316:3317:3318:3319:3320:3321:3328:3331:3333:3334:3335:3336:3338:3339:3340:3341:3343:3344:3345:3346:3348:3349:3350:3351:3353:3354:3355:3356:3358:3359:3360:3361:3363:3364:3365:3366:3368:3369:3370:3372:3374:3376:3377:3378:3379:3381:3382:3383:3384:3386:3387:3388:3389:3391:3392:3393:3394:3396:3397:3398:3399:3401:3402:3403:3407:3408:3409:3410:3412:3413:3414:3415:3417:3420:3421:3422:3423:3424:3425:3426:3427:3429:3430:3432:3434:3436:3438:3440:3442:3444:3447:3449:3450:3451:3452:3454:3456:3457:3458:3459:3461:3463:3464:3465:3466:3468:3470:3471:3472:3473:3475:3477:3478:3479:3480:3482:3484:3486:3487:3489:3490:3492:3493:3494:3495:3496:3497:3501:3506:3508:3509:3510:3512:3513:3515:3517:3520:3522:3524:3525:3526:3528:3529:3531:3533:3536:3538:3540:3541:3542:3543:3545:3547:3549:3550:3551:3552:3554:3556:3558:3559:3560:3561:3563:3565:3567:3568:3569:3572:3574:3576:3578:3579:3580:3582:3583:3585:3587:3590:3592:3594:3595:3596:3597:3599:3601:3603:3604:3605:3606:3608:3610:3612:3613:3614:3615:3617:3619:3621:3622:3623:3624:3626:3628:3630:3631:3632:3633:3635:3637:3639:3640:3641:3642:3644:3646:3648:3649:3650:3652:3653:3655:3657:3660:3662:3664:3665:3666:3668:3669:3671:3673:3676:3678:3680:3681:3682:3684:3685:3687:3689:3692:3694:3696:3697:3698:3700:3701:3703:3705:3708:3710:3712:3713:3714:3716:3717:3719:3721:3724:3726:3728:3729:3730:3732:3733:3735:3737:3740:3742:3744:3745:3746:3748:3749:3751:3753:3756:3758:3763:3779:3785:3787:3788:3789:3792:3794:3796:3798:3800:3802:3803:3804:3805:3807:3808:3809:3810:3812:3813:3814:3815:3817:3818:3819:3826:3829:3831:3832:3833:3834:3836:3837:3838:3839:3841:3842:3843:3844:3846:3847:3848:3851:3853:3855:3857:3858:3859:3860:3862:3863:3864:3865:3867:3868:3869:3870:3872:3873:3874:3877:3881:3884:3887:3890:3891:3892:3893:3894:3895:3896:3897:3899:3900:3902:3904:3906:3909:3912:3914:3915:3916:3917:3919:3921:3922:3923:3924:3926:3928:3929:3930:3931:3933:3935:3936:3937:3938:3941:3943:3944:3945:3946:3948:3949:3950:3951:3953:3954:3955:3957:3958:3959:3960:3961:3965:3970:3972:3973:3974:3975:3977:3979:3981:3982:3983:3984:3986:3988:3990:3991:3992:3993:3995:3997:3999:4000:4001:4002:4004:4006:4011:4027:4033:4035:4036:4037:4041:4043:4045:4047:4049:4050:4051:4053:4055:4056:4057:4058:4060:4061:4062:4064:4066:4067:4068:4069:4071:4072:4073:4074:4076:4077:4078:4085:4088:4090:4091:4092:4093:4095:4096:4097:4098:4100:4101:4102:4103:4105:4106:4107:4108:4110:4111:4112:4113:4115:4116:4117:4120:4122:4124:4126:4127:4128:4129:4131:4132:4133:4134:4136:4137:4138:4139:4141:4142:4143:4144:4146:4147:4148:4149:4151:4152:4153:4157:4159:4162:4165:4167:4170:4171:4172:4173:4174:4175:4176:4177:4179:4180:4182:4184:4186:4188:4190:4193:4196:4198:4199:4200:4201:4203:4205:4206:4207:4208:4210:4212:4213:4214:4215:4217:4219:4220:4221:4222:4224:4226:4227:4228:4229:4231:4233:4235:4236:4237:4238:4239:4240:4242:4243:4244:4246:4247:4248:4249:4252:4257:4259:4260:4261:4264:4266:4268:4270:4271:4272:4273:4275:4277:4279:4280:4281:4284:4286:4288:4290:4291:4292:4293:4295:4297:4299:4300:4301:4302:4304:4306:4308:4309:4310:4311:4313:4315:4320:4336:4342:4344:4345:4346:4349:4354:4357:4359:4360:4361:4368:4373:4375:4379:4385:4386:4387:4388:4389:4390:4392:4394:4398:4400:4401:4402:4403:4405:4408:4409:4410:4412:4413:4414:4415:4416:4418:4419:4420:4422:4423:4425:4428:4433:4438:4454:4460:4462:4463:4464:4467:4469:4471:4476:4478:4480:4481:4482:4483:4485:4486:4487:4494:4497:4499:4500:4501:4502:4504:4505:4506:4509:4511:4513:4515:4516:4517:4518:4520:4521:4522:4525:4529:4532:4537:4538:4539:4540:4541:4542:4543:4544:4546:4547:4549:4552:4555:4557:4558:4559:4560:4562:4564:4565:4566:4567:4570:4572:4573:4574:4575:4577:4579:4580:4582:4583:4584:4586:4587:4588:4589:4590:4592:4593:4594:4596:4599:4604:4606:4607:4608:4609:4611:4613:4615:4616:4617:4618:4620:4622:4627:4643:4649:4651:4652:4653:4656:4658:4663:4666:4668:4669:4670:4677:4680:4682:4683:4684:4687:4689:4691:4693:4694:4695:4698:4702:4707:4708:4709:4710:4711:4712:4713:4715:4716:4719:4722:4724:4725:4726:4727:4730:4732:4733:4734:4735:4737:4739:4741:4742:4743:4745:4746:4747:4748:4749:4751:4752:4753:4755:4758:4763:4765:4766:4767:4768:4770:4772:4777:4793:4799:4801:4802:4803:4806:4808:4813:4816:4818:4819:4820:4827:4830:4832:4833:4834:4837:4839:4841:4843:4844:4845:4848:4852:4857:4858:4859:4860:4861:4862:4863:4865:4866:4869:4872:4874:4875:4876:4877:4880:4882:4883:4884:4885:4887:4889:4891:4892:4893:4895:4896:4897:4898:4899:4901:4902:4903:4905:4908:4913:4915:4916:4917:4918:4920:4922:4927:4943:4949:4951:4952:4953:4956:4959:4961:4966:4968:4969:4970:4971:4973:4974:4975:4983:4986:4988:4989:4990:4991:4993:4994:4995:4998:5000:5002:5004:5005:5006:5007:5009:5010:5011:5014:5018:5021:5023:5028:5029:5030:5031:5032:5033:5034:5035:5037:5038:5040:5043:5046:5048:5049:5050:5051:5053:5055:5056:5057:5058:5061:5063:5064:5065:5066:5068:5070:5071:5073:5074:5075:5077:5078:5079:5080:5081:5083:5084:5085:5087:5090:5095:5097:5098:5099:5100:5102:5104:5106:5107:5108:5111:5113:5115:5120:5136:5142:5144:5145:5146:5149:5154:5156:5158:5162:5164:5167:5169:5170:5171:5172:5173:5174:5175:5177:5178:5179:5186:5188:5189:5190:5191:5193:5194:5195:5197:5199:5201:5202:5203:5204:5206:5207:5208:5212:5213:5214:5215:5217:5220:5221:5222:5223:5224:5226:5227:5229:5232:5234:5235:5236:5237:5239:5241:5242:5243:5244:5246:5248:5249:5251:5256:5258:5259:5260:5262:5263:5265:5267:5270:5272:5274:5275:5276:5277:5279:5281:5283:5284:5285:5286:5287:5288:5289:5291:5292:5293:5294:5296:5297:5298:5299:5301:5302:5303:5304:5306:5307:5308:5309:5311:5312:5313:5314:5315:5316:5323:5327:5328:5330:5331:5332:5333:5335:5336:5337:5338:5340:5341:5342:5343:5345:5346:5347:5348:5350:5351:5352:5353:5355:5356:5357:5359:5363:5364:5366:5367:5368:5369:5371:5372:5373:5374:5376:5377:5378:5379:5381:5382:5383:5388:5389:5390:5391:5393:5394:5395:5396:5398:5399:5400:5401:5402:5403:5404:5405:5406:5407:5408:5409:5410:5412:5414:5416:5418:5420:5422:5424:5426:5430:5432:5433:5434:5435:5437:5439:5440:5441:5442:5444:5446:5447:5448:5449:5451:5453:5454:5455:5456:5458:5461:5462:5463:5465:5466:5467:5468:5469:5471:5472:5473:5475:5476:5478:5481:5485:5490:5506:5512:5514:5515:5516:5517:5519:5520:5521:5523:5524:5526:5528:5531:5533:5535:5536:5537:5538:5540:5542:5544:5545:5546:5547:5549:5551:5553:5554:5555:5556:5558:5560:5562:5563:5564:5566:5568:5570:5572:5573:5574:5576:5577:5579:5581:5584:5588:5593:5596:5598:5599:5600:5603:5608:5610:5615:5616:5617:5618:5620:5621:5622:5623:5625:5626:5627:5628:5629:5630:5631:5633:5634:5635:5636:5637:5638:5643:5644:5645:5648:5649:5650:5651:5654:5655:5657:5658:5659:5660:5662:5663:5664:5666:5670:5671:5672:5673:5677:5683:5684:5685:5686:5688:5689:5690:5691:5693:5694:5695:5696:5697:5698:5699:5700:5701:5702:5703:5705:5706:5708:5710:5712:5714:5717:5719:5720:5721:5722:5724:5726:5727:5728:5729:5731:5733:5734:5735:5736:5738:5740:5741:5742:5743:5745:5747:5748:5749:5750:5753:5754:5757:5758:5760:5761:5765:5770:5772:5774:5775:5776:5777:5779:5784:5786:5788:5789:5790:5791:5793:5795:5796:5797:5799:5800:5802:5804:5807:5809:5811:5812:5813:5815:5816:5818:5820:5823:5825:5830:5834:5843:5845:5849:5854:5855:5856:5857:5858:5859:5861:5863:5867:5869:5870:5871:5872:5874:5877:5878:5879:5881:5882:5883:5884:5885:5887:5888:5889:5891:5892:5894:5897:5902:5918:5924:5926:5927:5928:5931:5936:5939:5941:5942:5943:5946:5951:5953:5958:5959:5960:5961:5963:5964:5965:5966:5968:5969:5970:5971:5972:5973:5974:5976:5977:5978:5979:5981:5982:5983:5988:5989:5990:5993:5994:5996:5997:5998:5999:6001:6002:6003:6004:6006:6007:6008:6010:6014:6015:6016:6017:6019:6021:6022:6023:6024:6026:6027:6028:6033:6034:6035:6036:6038:6040:6043:6045:6047:6048:6049:6050:6051:6052:6053:6054:6055:6057:6058:6060:6062:6064:6067:6069:6070:6071:6072:6074:6076:6077:6078:6079:6081:6083:6084:6085:6086:6088:6090:6091:6092:6093:6095:6098:6099:6101:6102:6104:6105:6108:6113:6115:6117:6118:6119:6120:6122:6124:6125:6126:6128:6129:6131:6133:6136:6138:6140:6141:6142:6143:6145:6147:6149:6150:6151:6152:6154:6162:6164:6168:6173:6174:6175:6176:6177:6178:6180:6182:6186:6188:6189:6190:6191:6193:6196:6197:6198:6200:6201:6202:6203:6204:6206:6207:6208:6210:6211:6213:6216:6221:6237:6243:6245:6246:6247
org.apache.hadoop.fs.shell.FsUsage,23:47:56,12:30:133:134:135:136:151:152:194:199:224:228:233:239:273:288:304:311:314:315:316:317:318:319:322:323:324:336:339:347:349:354
org.apache.hadoop.yarn.api.records.impl.pb.ApplicationSubmissionContextPBImpl,41:48,5:9:16:17:18:24:31:36:41:45:48:52:56:57:58:61:62:64:69:75:81:86:91:100:102:106:110:114:115:116:119:122:130:133:139:140:146:147
org.apache.hadoop.yarn.server.resourcemanager.scheduler.fair.converter.FSConfigToCSConfigConverter,56:72:92:106,10:59:66:78:80:81:82:96:111:134:135:136:139:141:142:143:152:153:154:157:159:160:161:171:174:175:176:183:184:185:188:193
org.apache.hadoop.registry.server.services.RegistryAdminService,4:17:98,2:58:226:530:578:626:628:874:875:876:877:881:930:933
org.apache.commons.collections4.sequence.SequencesComparator,9,6:14:46:57:74:98:100:140:158:168:169:170:200:222:238:239:240:241:268:277:290:315:331:358:399:430:461:492:511:530:534:568:583:586:596:611:615:647:666:685:704:721:758:778:782
org.apache.commons.math3.optim.univariate.BrentOptimizer,23:118,3:4:5:14:15:16:32:33:34:135:169:172:173:174:179:180:181
org.apache.commons.lang3.text.ExtendedMessageFormat,47,5:22:25:39:45:55:61:77:78:79:92:108:112:122:133:145:157:158:159:160:173:202:213:249:254:255:256:259:263:273:292:302:316:324:325:326:329:331
org.apache.hadoop.yarn.server.api.protocolrecords.impl.pb.NodeHeartbeatRequestPBImpl,33:43,5:9:15:18:21:28:33:38:44:45:46:47:51:52:54:55:56:59:62:64:67:69:72:73:77
Client,27:283:292:491:588:618,27:31:33:34:35:36:38:39:40:41:46:50:54:58:59:60:61:65:98:104:105:106:107:108:109:110:111:117:118:119:120:121:122:123:124:130:131:132:133:134:135:136:137:148:151:160:163:165:181:184:196:204:206:218:226:228:235:240:245:250:255:265:269:353:356:369:376:384:395:405:410:423:434:439:445:454:461:468:478:489:494:503:504:505:506:512:513:514:515:533:538:551:555:556:557:558:561:562:563:564:568:573:581:582:583:584:585:586:587:588:593:601:602:603:604:605:606:607:608:623:632:641:650:659:676:677:678:686:693:699:705:708:716:718:723:731:733:742:745:750:753:755:757:778:780:781:782:824:847
org.apache.hadoop.fs.statistics.impl.IOStatisticsStoreImpl,69,9:19:30:31:32:54:55:56:137:138:139:169:170:171:174
org.jsecurity.util.AntPathMatcher,1:103,16:27:54:68:75:89:104:118:119:120:153:168:172:173:174:186:193:218:244:263:281:305:319:337:355:371:380:384:389:390:391:404:405:406:422:427:428:429:434:435:436
org.apache.commons.math3.geometry.euclidean.threed.Rotation,21:32:74:105:119:264:271:318:348:360,0:6:9:12:14:19:20:21:22:23:24:28:29:30:31:32:33:34:35:36:37:38:39:41:42:43:44:45:46:48:49:50:51:52:53:56
org.apache.hadoop.net.NetworkTopology,347,15:17:27:38:66:78:79:80:88:91:100:112:113:114:122:123:124:181:207:269:282:283:284:306:308:314:327:331:358:359:360:372:373:374:380:381:382:387:388:389:392:406:412:413:414:439:452:453:454:457:490:491:492:516:527:537:538:539:547:553:554:555:556:564:592:622:640:673:696:746:747:748:751:752:753:769:785:798:799:800:811:829:841:850:857:891:897:922:924
nu.staldal.lagoon.LagoonGUI,27:35:70,2:3:4:40:42:43:44:88:89:90:104
com.eteks.sweethome3d.viewcontroller.RoomController,8:151:245:257:273,7:8:9:12:21:25:26:27:69:70:71:107:153
jigl.image.levelSetTool.LevelSetNudge,11:60:91:102,77:89:123:128:161:178:190:208:226:244:257:306:332:351:371:391:411:426:430:445:449:461:462:463:464:475:476:477:478:479:480:481:482:495:496:497:498:526:532:533:534:535:536:537:538:539:560:566:567:568:569:570:571:572:573:596:622:641:661:681:701:716:717:718:719:734:735:736:737:752:753:754:755:770:771:772:773:774:775:776:777:794:795:796:797:814:815:816:817:836:851:852:853:857:858:859:868:877:891:904:926:927:928:932:933:934:947:957:966:979
net.sourceforge.schemaspy.model.Table,97,36:43:45:58:74:75:76:83:84:85:87:153:155:167:174:191:197:199:202:204:205:206:216:218:219:220:297:301:302:303:315:326:327:330:331:332:333:348:350:360:362:370:381:383:391:393:399:401:407:413:415:424:430:436:438:448:455:463:465:474:482:488:494:517:521:523:525:528:551:560:562:569:589:591:596
org.apache.hadoop.yarn.applications.distributedshell.Client,100:226:321:368:393:411:443:458:476:484:492:506:523:563:571:601,32:46:51:54:57:60:69:81:85:86:87:91:103:109:115:183:191:192:193:199:200:201:209:210:211:228:242:243:244:246:247:248:258:259:260:278:312:317:326:327:328:333:334:335:344:350:351:352:393:405:417
org.apache.hadoop.ipc.Client,19:42:84:240:339:417:467:577:658:674,10:25:55:63:70:71:72:97:98:99:114:115:116:127:157:166:173:177:181:190:213:228:238:257:270:288:297:298:300:301:310:315:320:340:357:360:363:385:387:393:397:402:403:404:408:410:412:418:423:424:425:427:429:432:434:441:442:448:450:451:461:462:463:466:474:477:478:496:501:505:511:531:532:543:547:558:559:560:565:567:572:573:585:617:673:675:689:691:701:703:713:719:731:739:749:754:767:777:786:796:805:815:823:833:842:852:857:870:880:890:896:897:899:909:913:914:915:920:921:922:931
org.apache.hadoop.yarn.api.records.impl.pb.ContainerStatusPBImpl,23:169,5:9:34:35:36:41:53:54:55:56:57:62:66:70:74:79:84:86:90:91:92:104:105:106
wheel.asm.ClassReader,13:40:72:104:138:190:278:343:449:831,7:17:22:26:46:50:54:62:70:79:91:93:94:95:99:103:107:115:123:134:141:144:149:153:161:174:183:195:201:203:205:206:207:214:218:223:229:233:234:235:236:243:246:247:248:249:256:258:259:260:268:277:286:292:302:309:319:325:326:327:328:337:344:356:363:365:372:384:391:393:400:412:419:428:436:443:452:461:468:470:479:486:495:504:508:513:519:526:533:547:549:556:570:579:586:588:594
org.apache.hadoop.metrics2.sink.RollingFileSystemSink,47:57:144:156:227:234,25:63:68:73:117:118:119:131:132:133:143:144:145:148:149:150:153:154:155:161:162:163:177:178:179:216:228:235:238:245:248:257:263:270:276:280:312:319:322:330:331:332:340:347:349:350:351:359:379:394:413:419:420:421:436:449:460:461:462:471:502:517:533
org.apache.hadoop.fs.sftp.SFTPFileSystem,22:47:114,125:455:538:607:628:634:765:795:808:821:825:866:869
org.objectweb.asm.jip.ClassReader,13:40:72:104:138:190:278:344:425:458:846,7:17:22:26:46:50:54:62:70:79:91:93:94:95:99:103:107:115:123:134:141:144:149:153:154:155:156:164:177:186:198:204:206:208:209:210:217:221:226:232:236:237:238:239:246:249:250:251:252:259:261:262:263:271:280:289:295:305:312:322:328:329:330:331:340:347:359:366:368:375:387:394:396:403:415:422:431:439:446:455:464:471:473:482:489:498:507:511:518:524:533:541:549:555:563:581:583:589
org.apache.hadoop.security.alias.CredentialShell,4:13,6:14:19:20:21:28:32:41:42:43:50:54:63:64:65:72:76:94:96:108:115:132:133:134:138:154:155:156:162:184:185:186:190:191:197:198:199:209:222:223:224:228:229:235:236:237:261
org.jdom2.transform.JDOMResult,99,8:9:10:27:28:29
twitter4j.TwitterBaseImpl,143:145,10:42:44:56:57:58:70:81:93:94:95:101:102:109:110:115:125:128:133:172:180:190:196:206:214
Convert,46,2:3:4:20:21:22:47:56
org.apache.hadoop.yarn.client.api.impl.TimelineConnector,37:64:89:106,3:4:6:22:34:55:68:69:70:98:107:108:109:118:119:120:128:131:136
org.apache.commons.math3.optimization.general.LevenbergMarquardtOptimizer,190:241:366,196:239:260:268:269:270:297:298:299:300:320:355:356:357:358:359:360:361:362:376:391:407:495:517:518:519:535:584:622:652:653:654:655:656:657:658:659:689:725:774:814:852:853:854:855:856:857:858:859:873:874:875:876:905:943:944:945:946:947:948:949:950
org.apache.hadoop.yarn.server.AMRMClientRelayer,140:258,1:4:13:24:27:31:34:35:41:42:43:45:46:47:51:53:58:59:60:67:78:79:80
org.apache.hadoop.yarn.server.resourcemanager.RMAppManager,11:54:98:246:263:275:439:448,22:39:40:41:48:49:50:88:95:107:123:129:144:152:165:187:188:193:194:195:198:203:206:207:208:221:240:246:247:248:255:261:263:264:265:272:278:285:287:290:304:305:306:322:328:329:330:364:379:382:383:384:387:390:391:392:400
org.apache.hadoop.security.token.DtUtilShell,8,7:13:14:15:21:22:23:32:47:55:65:66:67:71:72:73:76:77:78:84:85:86:89:90:91:137:143:144:145:149:150:151:159:169:183:194:197:204
org.apache.hadoop.security.authentication.server.JWTRedirectAuthenticationHandler,4,74:162:183:196:197:198:238:323:327:331:339:351:364:365:366:369:384
com.werken.saxpath.XPathLexer,51:168,13:18:20:38:50:63:82:92:104:117:136:146:158:171:190:200:212:230:237:242:259:275:285:295:305:315:325:335:345:358:368:381:395:407:417:430:442:452:462:466:473:497:507:517:527:533:542:559:569:580:584:588:600:604:612:622:632:651:656